codmpio,depto2010,mpio2010,codmpio1928,depto1928,mpio1928,match,men1918,women1918,pop1918,houses1928,families1928,men1928,women1928,pop1928,men21_1928,ink
5001,Antioquia,Medellin,1001,Antioquia,Medellin,1,34775,44371,79146,19926,18742,54170,65874,120044,26122,
5002,Antioquia,Abejorral,1002,Antioquia,Abejorral,1,9662,10006,19668,2502,3904,12438,12655,25093,4977,
5004,Antioquia,Abriaqui,1003,Antioquia,Abriaqui,1,1157,1042,2199,493,385,1219,1181,2400,470,
5021,Antioquia,Alejandria,1004,Antioquia,Alejandria,1,846,882,1728,466,391,1073,1103,2176,435,
5030,Antioquia,Amaga,1005,Antioquia,Amaga,1,4534,4498,9032,2048,1906,5524,5717,11241,2332,
5031,Antioquia,Amalfi,1006,Antioquia,Amalfi,1,5008,5243,10251,1800,1592,4673,5003,9676,2045,
5034,Antioquia,Andes,1007,Antioquia,Andes,1,11084,11340,22424,4548,3827,11342,11957,23299,4452,
5036,Antioquia,Angelopolis,1008,Antioquia,Angelopolis,1,2057,2060,4117,1049,861,2576,2696,5272,1068,
5038,Antioquia,Angostura,1009,Antioquia,Angostura,1,2869,4494,7363,1916,1506,4247,4741,8988,1791,1
5040,Antioquia,Anori,1010,Antioquia,Anori,1,3340,3468,6808,1529,1252,3110,3618,6728,1261,1
5042,Antioquia,Santafe De Antioquia,1011,Antioquia,Antioquia,1,5088,5752,10840,2310,2090,6122,6481,12603,2740,
5044,Antioquia,Anza,1012,Antioquia,Anza,1,1607,1690,3297,737,649,2143,2027,4170,1012,
5059,Antioquia,Armenia,1013,Antioquia,Armenia,1,2594,2814,5408,1342,1134,3509,3516,7025,1490,
5079,Antioquia,Barbosa,1014,Antioquia,Barbosa,1,5489,5833,11322,2309,2155,7150,6796,13946,3151,1
5086,Antioquia,Belmira,1015,Antioquia,Belmira,1,1539,1755,3294,663,519,1917,2092,4009,794,1
5088,Antioquia,Bello,1016,Antioquia,Bello,1,2923,3336,6259,1549,1493,4569,5126,9695,1902,
5091,Antioquia,Betania,1017,Antioquia,Betania,1,,,,1694,1413,4884,4454,9338,1990,
5093,Antioquia,Betulia,1018,Antioquia,Betulia,1,2982,3015,5997,1290,1270,4532,3937,8469,1825,
5101,Antioquia,Ciudad Bolivar,1019,Antioquia,Bolivar,1,6422,6412,12834,2274,2107,7081,6989,14070,3005,
5113,Antioquia,Buritica,1020,Antioquia,Buritica,1,2974,3047,6021,824,836,2498,2723,5221,1046,
5120,Antioquia,Caceres,1021,Antioquia,Caceres,1,1065,905,1970,447,405,1548,837,2385,968,
5125,Antioquia,Caicedo,1022,Antioquia,Caicedo,1,1660,1749,3409,661,574,1669,1781,3450,616,
5129,Antioquia,Caldas,1023,Antioquia,Caldas,1,2803,3060,5863,1477,1318,3788,4303,8091,1554,
5134,Antioquia,Campamento,1024,Antioquia,Campamento,1,2420,2458,4878,1133,979,2643,2724,5367,1127,
5138,Antioquia,Cañasgordas,1025,Antioquia,Cañasgordas,1,3958,4172,8130,2454,2136,7600,7429,15029,3534,
5145,Antioquia,Caramanta,1026,Antioquia,Caramanta,1,2768,2879,5647,1203,1075,3552,3668,7220,1344,
5148,Antioquia,El Carmen De Viboral,1027,Antioquia,Carmen,1,5187,5217,10404,2264,1805,5379,5667,11046,2168,
5150,Antioquia,Carolina,1028,Antioquia,Carolina,1,3048,3757,6805,1530,1397,3636,4287,7923,1456,
5190,Antioquia,Cisneros,1029,Antioquia,Cisneros,1,,,,1788,1596,4182,4562,8744,1924,
5197,Antioquia,Cocorna,1030,Antioquia,Cocorna,1,4658,4262,8920,3068,1907,5779,5528,11307,2319,
5206,Antioquia,Concepcion,1031,Antioquia,Concepcion,1,1609,1935,3544,839,690,1939,2275,4214,815,
5209,Antioquia,Concordia,1032,Antioquia,Concordia,1,5451,5657,11108,2263,2024,6631,6817,13448,2722,
5212,Antioquia,Copacabana,1033,Antioquia,Copacabana,1,2974,3505,6479,1469,1443,3310,3990,7300,1382,
5172,Antioquia,Chigorodo,1034,Antioquia,Chigorodo,1,1174,694,1868,181,135,356,334,690,191,
5234,Antioquia,Dabeiba,1035,Antioquia,Dabeiba,1,4278,3915,8193,1749,1819,5123,5027,10150,2109,
5237,Antioquia,Don Matias,1036,Antioquia,Don Matias,1,2641,2957,5598,1119,953,2797,2980,5777,1146,
5240,Antioquia,Ebejico,1037,Antioquia,Ebejico,1,4768,5004,9772,2001,1664,4883,5076,9959,1874,
5264,Antioquia,Entrerrios,1038,Antioquia,Entrerrios,1,1632,1905,3537,751,604,1752,1998,3750,672,
5266,Antioquia,Envigado,1039,Antioquia,Envigado,1,4304,5338,9642,2140,2014,5165,6280,11445,2274,
5282,Antioquia,Fredonia,1040,Antioquia,Fredonia,1,9913,10428,20341,4345,3635,11134,11646,22780,4752,
5284,Antioquia,Frontino,1041,Antioquia,Frontino,1,4988,5207,10195,1964,1688,4969,5645,10614,2017,
5306,Antioquia,Giraldo,1042,Antioquia,Giraldo,1,934,1052,1986,516,408,1504,1163,2667,749,
5308,Antioquia,Girardota,1043,Antioquia,Girardota,1,3738,4456,8194,2133,1558,4089,4692,8781,1677,
5310,Antioquia,Gomez Plata,1044,Antioquia,Gomezplata,1,2800,2816,5616,1138,1056,3228,3329,6557,1549,
5313,Antioquia,Granada,1045,Antioquia,Granada,1,3217,3422,6639,2392,1409,3738,4206,7944,1424,
5318,Antioquia,Guarne,1046,Antioquia,Guarne,1,3029,3449,6478,1226,1166,3222,3733,6955,1329,
5321,Antioquia,Guatape,1047,Antioquia,Guatape,1,1080,1381,2461,674,510,1371,1577,2948,520,
5347,Antioquia,Heliconia,1048,Antioquia,Heliconda,1,2755,2899,5654,1507,1139,2958,3060,6018,1220,
5360,Antioquia,Itagui,1049,Antioquia,Itagui,1,2167,2361,4528,1009,985,2802,3085,5887,1261,
5361,Antioquia,Ituango,1050,Antioquia,Ituango,1,6734,6824,13558,3124,2618,7458,7749,15207,3037,
5364,Antioquia,Jardin,1051,Antioquia,Jardin,1,4599,4841,9440,2071,1913,6253,6364,12617,2250,
5368,Antioquia,Jerico,1052,Antioquia,Jerico,1,8995,9954,18949,3260,3147,10039,10702,20741,3888,
5376,Antioquia,La Ceja,1053,Antioquia,La Ceja,1,3068,3780,6848,1592,1189,4044,4654,8698,1623,
5380,Antioquia,La Estrella,1054,Antioquia,La Estrella,1,2174,2536,4710,1011,949,2406,2998,5404,1021,
5400,Antioquia,La Union,1055,Antioquia,La Union,1,1546,1612,3158,755,624,1707,1856,3563,730,
5411,Antioquia,Liborina,1056,Antioquia,Liborina,1,3248,3360,6608,1150,1193,3493,3863,7356,1334,
5154,Antioquia,Caucasia,1057,Antioquia,Margento,1,1362,1263,2625,806,711,2117,1763,3880,1060,
5440,Antioquia,Marinilla,1058,Antioquia,Marinilla,1,4193,4894,9087,2091,1898,5481,5965,11446,2328,
5467,Antioquia,Montebello,1059,Antioquia,Montebello,1,2481,2369,4850,1236,1099,3531,3518,7049,1352,
5475,Antioquia,Murindo,1060,Antioquia,Murindo,1,755,739,1494,326,258,773,778,1551,320,
5483,Antioquia,Nariño,1061,Antioquia,Nariño,1,3088,2966,6054,1342,1176,3760,3905,7665,1403,
5480,Antioquia,Mutata,1062,Antioquia,Pavarandocito,1,238,222,460,113,118,365,306,671,171,
5541,Antioquia,Peñol,1063,Antioquia,Peñol,1,3190,3826,7016,1594,1475,3756,4422,8178,1400,1
5543,Antioquia,Peque,1064,Antioquia,Peque,1,1701,1840,3541,729,767,2219,2337,4556,899,
5576,Antioquia,Pueblorrico,1065,Antioquia,Pueblo Rico,1,5623,5601,11224,2478,1591,6625,6632,13257,2478,
5579,Antioquia,Puerto Berrio,1066,Antioquia,Puerto Berrio,1,3869,2793,6662,2256,2172,7352,4752,12104,4490,
5604,Antioquia,Remedios,1067,Antioquia,Remedios,1,2262,2323,4585,739,960,2401,2358,4759,1341,
5607,Antioquia,Retiro,1068,Antioquia,Retiro,1,2494,3019,5513,1060,940,2519,2917,5436,1067,
5615,Antioquia,Rionegro,1069,Antioquia,Rionegro,1,6954,8718,15672,2981,2947,8213,9792,18005,3328,
5628,Antioquia,Sabanalarga,1070,Antioquia,Sabanalarga,1,1683,1773,3456,772,763,1900,2074,3974,703,
5642,Antioquia,Salgar,1071,Antioquia,Salgar,1,5217,5173,10390,2303,2106,7189,7002,14191,2895,
5647,Antioquia,San Andres De Cuerquia,1072,Antioquia,San Andres,1,2970,3042,6012,1577,950,2908,3241,6149,1025,
5649,Antioquia,San Carlos,1073,Antioquia,San Carlos,1,2118,2146,4264,1352,1062,3286,3049,6335,1354,
5656,Antioquia,San Jeronimo,1074,Antioquia,San Jeronimo,1,3116,3244,6360,1441,1318,4009,3729,7738,1748,
5660,Antioquia,San Luis,1075,Antioquia,San Luis,1,984,861,1845,439,438,1596,1287,2883,664,
5664,Antioquia,San Pedro,1076,Antioquia,San Pedro,1,2855,3319,6174,1226,1048,2846,3199,6045,1052,
5667,Antioquia,San Rafael,1077,Antioquia,San Rafael,1,1986,1841,3827,1062,945,2714,2681,5395,1103,
5670,Antioquia,San Roque,1078,Antioquia,San Roque,1,4999,5056,10055,2455,2170,5860,5842,11702,2604,
5679,Antioquia,Santa Barbara,1079,Antioquia,Santa Barbara,1,6144,6433,12577,2770,2704,8168,8443,16611,3421,
5686,Antioquia,Santa Rosa De Osos,1080,Antioquia,Santa Rosa,1,7296,8905,16201,3546,3146,8395,10180,18575,3330,
5690,Antioquia,Santo Domingo,1081,Antioquia,Santo Domingo,1,6026,5989,12015,2853,2330,6869,6741,13610,3155,
5697,Antioquia,El Santuario,1082,Antioquia,Santuario,1,4051,4363,8414,2259,1720,5213,5509,10722,2162,
5674,Antioquia,San Vicente,1083,Antioquia,San Vicente,1,3974,4359,8333,1785,1479,4243,4603,8846,1657,
5736,Antioquia,Segovia,1084,Antioquia,Segovia,1,1991,2089,4080,983,827,1611,1853,3464,847,
5756,Antioquia,Sonson,1085,Antioquia,Sonson,1,13202,14430,27632,5865,5126,15604,17095,32699,6178,
5761,Antioquia,Sopetran,1086,Antioquia,Sopetran,1,4612,5480,10092,2193,1932,4710,5732,10442,1812,
5501,Antioquia,Olaya,1087,Antioquia,Sucre,1,1224,1225,2449,322,408,1370,1066,2436,525,
5789,Antioquia,Tamesis,1088,Antioquia,Tamesis,1,6928,6720,13648,3488,2612,8047,8358,16405,3126,
5809,Antioquia,Titiribi,1089,Antioquia,Titiribi,1,6426,7097,13523,2690,2266,5868,6862,12730,2303,
5819,Antioquia,Toledo,1090,Antioquia,Toledo,1,2322,2313,4635,1002,750,2053,2305,4358,775,
5837,Antioquia,Turbo,1091,Antioquia,Turbo,1,2044,1692,3736,1183,1241,3289,2772,6061,1652,
5847,Antioquia,Urrao,1092,Antioquia,Urrao,1,7284,7366,14650,3009,2633,7989,8528,16517,3163,
5854,Antioquia,Valdivia,1093,Antioquia,Valdivia,1,3429,3025,6454,1152,1279,4442,3517,7959,2434,
5856,Antioquia,Valparaiso,1094,Antioquia,Valparaiso,1,3102,2925,6027,1354,1129,3636,3652,7288,1484,
5861,Antioquia,Venecia,1095,Antioquia,Venecia,1,3649,3802,7451,1811,1641,5712,5084,10796,2618,
5858,Antioquia,Vegachi,1096,Antioquia,Yarumal,1,8949,10758,19707,4209,3388,9903,12117,22020,3953,
5890,Antioquia,Yolombo,1097,Antioquia,Yolombo,1,9248,8351,17599,3366,3192,10028,9038,19066,4737,
5895,Antioquia,Zaragoza,1098,Antioquia,Zaragoza,1,1408,1286,2694,623,432,1170,1085,2255,738,
8001,Atlantico,Barranquilla,2001,Atlantico,Barranquilla,1,29646,34897,64543,16629,15688,71909,68065,139974,43342,
8078,Atlantico,Baranoa,2002,Atlantico,Baranoa,1,2678,2792,5470,1121,1082,3791,3874,7665,1842,
8137,Atlantico,Campo De La Cruz,2003,Atlantico,Campo De La Cruz,1,1758,2142,3900,996,910,3416,3478,6894,1588,
8141,Atlantico,Candelaria,2004,Atlantico,Candelaria,1,980,918,1898,340,360,1467,1443,2910,651,
8296,Atlantico,Galapa,2005,Atlantico,Galapa,1,1119,1189,2308,509,448,1511,1435,2946,884,
8372,Atlantico,Juan De Acosta,2006,Atlantico,Juan De Acosta,1,1039,985,2024,363,348,1177,1091,2268,471,
8433,Atlantico,Malambo,2007,Atlantico,Malambo,1,1110,1020,2130,408,343,1759,1481,3240,898,
8436,Atlantico,Manati,2008,Atlantico,Manati,1,1309,1425,2734,487,463,2176,2110,4286,857,
8520,Atlantico,Palmar De Varela,2009,Atlantico,Palmar De Varela,1,1631,1651,3282,476,502,2759,2481,5240,1463,
8549,Atlantico,Piojo,2010,Atlantico,Piojo,1,817,838,1655,349,349,1022,1055,2077,447,
8558,Atlantico,Polonuevo,2011,Atlantico,Polonuevo,1,1087,1058,2145,449,436,1357,1361,2718,645,
8573,Atlantico,Puerto Colombia,2012,Atlantico,Puerto Colombia,1,1469,1340,2809,915,806,2913,2512,5425,1595,
8606,Atlantico,Repelon,2013,Atlantico,Repelon,1,1612,1947,3559,699,651,2504,2122,4626,1185,
8634,Atlantico,Sabanagrande,2014,Atlantico,Sabanagrande,1,1052,1079,2131,419,417,1544,1565,3109,776,
8638,Atlantico,Sabanalarga,2015,Atlantico,Sabanalarga,1,7440,8539,15979,3264,3193,11290,10745,22035,5863,
8685,Atlantico,Santo Tomas,2016,Atlantico,Santo Tomas,1,1460,1559,3019,604,554,2102,2220,4322,1019,
8758,Atlantico,Soledad,2017,Atlantico,Soledad,1,4772,5174,9946,1582,1634,7778,7836,15614,4281,
8770,Atlantico,Suan,2018,Atlantico,?,1,817,784,1601,383,317,1126,1112,2238,525,
8832,Atlantico,Tubara,2019,Atlantico,Arñ,1,1338,1345,2683,541,518,1459,1498,2957,726,
8849,Atlantico,Usiacuri,2020,Atlantico,Acurñ,1,930,1046,1976,392,340,1081,1185,2266,477,
13001,Bolivar,Cartagena,3001,Bolivar,Cartagena,1,21620,3488,25108,8539,11509,43795,48699,92494,21848,
13052,Bolivar,Arjona,3002,Bolivar,Arjona,1,5294,5484,10778,2103,1846,5917,5921,11838,2781,
23068,Cordoba,Ayapel,3003,Bolivar,Ayapel,1,3613,3953,7566,1556,1765,6425,5854,12279,3315,
13074,Bolivar,Barranco De Loba,3004,Bolivar,Barranco De Loba,1,1278,1382,2660,733,560,1608,1737,3345,691,
13473,Bolivar,Morales,3005,Bolivar,Bodega Central,1,1872,2377,4249,979,970,3040,3227,6267,1316,
70124,Sucre,Caimito,3006,Bolivar,Caimito,1,3990,4408,8398,893,1129,4380,3803,8183,2602,
13140,Bolivar,Calamar,3007,Bolivar,Calamar,1,4355,5175,9530,2342,2360,7882,7585,15467,3495,
13244,Bolivar,El Carmen De Bolivar,3008,Bolivar,Carmen,1,8342,8807,17149,3813,3728,15862,13410,29272,9309,
23162,Cordoba,Cerete,3009,Bolivar,Cerete,1,4462,5288,9750,1890,1172,4954,5501,10455,2089,
23189,Cordoba,Cienaga De Oro,3010,Bolivar,Cienaga De Oro,1,4845,5389,10234,2015,1814,6354,6851,13205,2641,
13212,Bolivar,Cordoba,3011,Bolivar,Cordoba,1,1340,1579,2919,937,748,2891,2654,5545,1159,
70215,Sucre,Corozal,3012,Bolivar,Corozal,1,5623,6284,11907,3057,3051,11131,11106,22237,4954,
23168,Cordoba,Chima,3013,Bolivar,Chima,1,2189,2628,4817,624,545,2356,2497,4853,1154,
23182,Cordoba,Chinu,3014,Bolivar,Chinu,1,5979,6572,12551,2185,2045,6408,6281,12689,3424,
13248,Bolivar,El Guamo,3015,Bolivar,Guamo,1,1289,1228,2517,741,639,2009,2044,4053,871,
23417,Cordoba,Lorica,3016,Bolivar,Lorica,1,9713,10242,19955,5514,4387,12631,13528,26159,5658,
13430,Bolivar,Magangue,3017,Bolivar,Magangue,1,6884,7192,14076,3669,2960,8138,8911,17049,3737,
13433,Bolivar,Mahates,3018,Bolivar,Mahates,1,2930,2865,5795,1446,1441,4031,3977,8008,1601,
70429,Sucre,Majagual,3019,Bolivar,Majagual,1,4944,5141,10085,3263,3310,9606,9439,19045,4452,
13440,Bolivar,Margarita,3020,Bolivar,Margarita,1,2163,2227,4390,827,719,2041,2145,4186,849,
13468,Bolivar,Mompos,3021,Bolivar,Mompos,1,7534,7901,15435,3905,2479,7701,8420,16121,3454,
23001,Cordoba,Monteria,3022,Bolivar,Monteria,1,11186,12082,23268,6351,5979,18521,18060,36581,8277,
70473,Sucre,Morroa,3023,Bolivar,Morroa,1,1846,2037,3883,453,456,2427,1519,3946,1187,
70508,Sucre,Ovejas,3024,Bolivar,Ovejas,1,2770,3013,5783,1189,1067,3264,3565,6829,1403,
70523,Sucre,Palmito,3025,Bolivar,Palmito,1,1805,1830,3635,497,499,1756,1686,3442,817,
13549,Bolivar,Pinillos,3026,Bolivar,Palomino,1,2815,2982,5797,1026,914,3855,3670,7525,1847,
23586,Cordoba,Purisima,3027,Bolivar,Purisima,1,2882,3195,6077,1326,1240,3912,4135,8047,1642,
,,,3028,Bolivar,Ricaurte,,1513,1711,3224,845,574,2248,2097,4345,1027,
23660,Cordoba,Sahagun,3029,Bolivar,Sahagun,1,5090,5514,10604,3603,3268,10270,9728,19998,5017,
70670,Sucre,Sampues,3030,Bolivar,Sampues,1,3083,3233,6316,1384,1378,4115,4652,8767,1866,
23670,Cordoba,San Andres Sotavento,3031,Bolivar,San Andres De Sotavento,1,1235,1079,2314,1577,1047,3788,3697,7485,1955,
23672,Cordoba,San Antero,3032,Bolivar,San Antero,1,,,,986,664,2098,2242,4340,903,
70678,Sucre,San Benito Abad,3033,Bolivar,San Benito Abad,1,3281,3367,6648,1242,1015,2756,2816,5572,1253,
23678,Cordoba,San Carlos,3034,Bolivar,San Carlos,1,2608,3074,5682,1247,1008,3248,3060,6308,1590,
13647,Bolivar,San Estanislao,3035,Bolivar,San Estanislao,1,1927,2462,4389,981,890,3377,3188,6565,1440,1
13650,Bolivar,San Fernando,3036,Bolivar,San Fernando,1,1237,1449,2686,696,685,2101,2018,4119,955,1
13654,Bolivar,San Jacinto,3037,Bolivar,San Jacinto,1,3362,3643,7005,1299,12448,4690,4750,9440,2285,
13657,Bolivar,San Juan Nepomuceno,3038,Bolivar,San Juan Nepomuceno,1,6259,6840,13099,2747,2323,7483,7476,14959,3234,
70708,Sucre,San Marcos,3039,Bolivar,San Marcos,1,3881,4307,8188,1432,1276,3182,3361,6543,1615,
13667,Bolivar,San Martin De Loba,3040,Bolivar,San Martin De Loba,1,1846,2396,4242,1550,1136,3679,3865,7544,1609,
70713,Sucre,San Onofre,3041,Bolivar,San Onofre,1,,,11858,3326,2136,6389,6314,12703,2671,
23686,Cordoba,San Pelayo,3042,Bolivar,San Pelayo,1,,,7253,2397,1761,5134,5181,10315,2419,
13673,Bolivar,Santa Catalina,3043,Bolivar,Santa Catalina,1,,,3272,376,457,1145,1222,2367,448,
13683,Bolivar,Santa Rosa,3044,Bolivar,Santa Rosa,1,1618,1547,3165,501,542,1596,1614,3210,667,
13744,Bolivar,Simiti,3045,Bolivar,Simiti,1,1433,1601,3034,532,356,1662,1448,3110,840,
70742,Sucre,San Luis De Since,3046,Bolivar,Since,1,8295,8783,17078,3313,3431,12418,12412,24830,,1
70001,Sucre,Sincelejo,3047,Bolivar,Sincelejo,1,7214,7508,14722,2504,2663,9902,10274,20176,,1
13760,Bolivar,Soplaviento,3048,Bolivar,Soplaviento,1,1320,1360,2680,602,585,1992,2101,4093,769,1
70771,Sucre,Sucre,3049,Bolivar,Sucre,1,3992,4469,8461,1769,1331,5118,5520,10638,2514,
70820,Sucre,Santiago De Tolu,3050,Bolivar,Tolu,1,2733,3071,5804,1599,1610,5697,5226,10923,2763,
70823,Sucre,Tolu Viejo,3051,Bolivar,Toluviejo,1,1881,1994,3875,960,914,3090,3121,6211,1492,
13836,Bolivar,Turbaco,3052,Bolivar,Turbaco,1,2388,2902,5290,1187,1208,3286,3759,7045,1407,
13838,Bolivar,Turbana,3053,Bolivar,Turbana,1,1333,1010,2343,599,543,2022,1749,3771,958,
13873,Bolivar,Villanueva,3054,Bolivar,Villanueva,1,1784,1855,3639,696,600,2080,2152,4232,824,
13140,Bolivar,Calamar,3055,Bolivar,Yucal,1,1063,1163,2226,,,,,,,
13894,Bolivar,Zambrano,3056,Bolivar,Zambrano,1,1275,1427,2702,674,629,1958,2110,4068,892,
15001,Boyaca,Tunja,4001,Boyaca,Tunja,1,5148,5532,10680,2116,2333,9063,1001,10064,4107,
15051,Boyaca,Arcabuco,4002,Boyaca,Arcabuco,1,1162,1099,2261,673,737,1715,1717,3432,750,
15087,Boyaca,Belen,4003,Boyaca,Belen,1,2486,2833,5319,1494,1524,3743,4095,7838,1714,
15090,Boyaca,Berbeo,4004,Boyaca,Berbeo,1,3563,2962,6525,1298,1354,3914,3848,7762,2091,
15092,Boyaca,Beteitiva,4005,Boyaca,Beteitiva,1,1831,2184,4015,989,1047,2890,2775,5665,1450,
15097,Boyaca,Boavita,4006,Boyaca,Boavita,1,4247,4701,8948,1500,1523,5560,5843,11403,2749,
15104,Boyaca,Boyaca,4007,Boyaca,Boyaca,1,3583,4077,7660,1554,1199,4384,4841,9225,1856,
15106,Boyaca,Briceño,4008,Boyaca,Briceño,1,2348,2464,4812,1256,1268,3519,3410,6929,1570,
15109,Boyaca,Buenavista,4009,Boyaca,Buenavista,1,1495,1535,3030,754,799,3443,3303,6746,1376,
15114,Boyaca,Busbanza,4010,Boyaca,Busbanza,1,569,697,1266,231,254,939,1019,1958,580,
15131,Boyaca,Caldas,4011,Boyaca,Caldas,1,1585,1512,3097,1076,1183,3641,3720,7361,1805,
15135,Boyaca,Campohermoso,4012,Boyaca,Campohermoso,1,2676,2872,5548,1602,1619,4741,4586,9327,2205,
15380,Boyaca,La Capilla,4013,Boyaca,Capilla De Tensa,1,2271,2879,5150,1006,1140,2285,2694,4979,922,
15162,Boyaca,Cerinza,4014,Boyaca,Cerinza,1,2614,2700,5314,878,927,2175,2541,4716,1352,
15189,Boyaca,Cienega,4015,Boyaca,Cienega,1,1916,2232,4148,1118,1240,3592,3843,7435,1220,
15204,Boyaca,Combita,4016,Boyaca,Combita,1,2606,2403,5009,1340,1423,4294,4109,8403,2212,
15212,Boyaca,Coper,4017,Boyaca,Coper,1,1144,980,2124,762,811,3411,2771,6182,1823,
15215,Boyaca,Corrales,4018,Boyaca,Corrales,1,1703,2046,3749,824,891,2601,3071,5672,955,
15218,Boyaca,Covarachia,4019,Boyaca,Covarachia,1,2176,2234,4410,828,879,3868,3501,7369,1914,
15224,Boyaca,Cucaita,4020,Boyaca,Cucaita,1,704,770,1474,281,305,1113,1086,2199,455,
15226,Boyaca,Cuitiva,4021,Boyaca,Cuitiva,1,1233,1299,2532,550,608,1733,1853,3586,679,
85015,Casanare,Chameza,4022,Boyaca,Chameza,1,1021,917,1938,588,596,1664,1500,3164,882,
15172,Boyaca,Chinavita,4023,Boyaca,Chinavita,1,1967,2035,4002,1378,1447,3558,3794,7352,1757,
15176,Boyaca,Chiquinquira,4024,Boyaca,Chiquinquira,1,10258,12244,22502,3326,3635,15990,18817,34807,8576,
15232,Boyaca,Chiquiza,4025,Boyaca,Chiquisa,1,1196,1242,2438,538,543,2206,1540,3746,1073,
15180,Boyaca,Chiscas,4026,Boyaca,Chiscas,1,3954,4400,8354,2897,2938,5873,6309,12182,2508,
15183,Boyaca,Chita,4027,Boyaca,Chita,1,5256,5868,11124,2338,2454,8931,8810,17741,3869,
15185,Boyaca,Chitaraque,4028,Boyaca,Chitaraque,1,3110,3123,6233,798,1067,5427,4467,9894,3517,
15187,Boyaca,Chivata,4029,Boyaca,Chivata,1,751,897,1648,651,670,1037,1219,2256,452,
15238,Boyaca,Duitama,4030,Boyaca,Duitama,1,4221,5394,9615,1975,2045,6198,7338,13536,2807,
15244,Boyaca,El Cocuy,4031,Boyaca,El Cocuy,1,4001,4482,8483,1559,1563,5156,5999,11155,2359,
15248,Boyaca,El Espino,4032,Boyaca,El Espino,1,1820,2045,3865,913,969,2965,3198,6163,1322,
15272,Boyaca,Firavitoba,4033,Boyaca,Firavitoba,1,3393,3850,7243,1479,1515,5478,5334,10812,2393,
15276,Boyaca,Floresta,4034,Boyaca,Floresta,1,2835,3671,6506,1276,1350,3880,3893,7773,1979,
15293,Boyaca,Gachantiva,4035,Boyaca,Gachantiva,1,1835,1657,3492,1067,1104,2492,2794,5286,820,
15296,Boyaca,Gameza,4036,Boyaca,Gameza,1,2173,2655,4828,1120,,3578,3996,7574,1508,
15299,Boyaca,Garagoa,4037,Boyaca,Garagoa,1,4492,5120,9612,1950,,5813,6439,12252,2747,
15317,Boyaca,Guacamayas,4038,Boyaca,Guacamayas,1,2139,2356,4495,969,,3108,3447,6555,1590,
15322,Boyaca,Guateque,4039,Boyaca,Guateque,1,3499,3922,7421,2142,,,,10020,2071,
15325,Boyaca,Guayata,4040,Boyaca,Guayata,1,4239,4700,8939,2156,2330,6084,6324,12408,2517,
15332,Boyaca,Gsican,4041,Boyaca,Guican,1,2577,2864,5441,1204,1275,4061,4557,8618,1858,
15362,Boyaca,Iza,4042,Boyaca,Iza,1,915,1068,1983,416,429,1650,1663,3313,684,
15367,Boyaca,Jenesano,4043,Boyaca,Jenesano,1,3461,3313,6774,2249,2283,4514,4846,9360,2187,
15368,Boyaca,Jerico,4044,Boyaca,Jerico,1,2807,3230,6037,1242,1269,4539,4569,9108,2037,
15537,Boyaca,Paz De Rio,4045,Boyaca,La Paz,1,1818,2106,3924,917,974,3106,3529,6635,1487,
85136,Casanare,La Salina,4046,Boyaca,La Salina,1,1176,917,2093,413,433,1084,1034,2118,560,
,,,4047,Boyaca,La Trinidad,,2088,2215,4303,1114,1127,3378,3309,6687,1420,
15403,Boyaca,La Uvita,4048,Boyaca,La Uvita,1,3825,3910,7735,1046,1187,5419,5587,11006,1977,
15377,Boyaca,Labranzagrande,4049,Boyaca,Labranzagrande,1,1919,2207,4126,908,926,2906,3049,5955,1274,
15407,Boyaca,Villa De Leyva,4050,Boyaca,Leiva,1,1642,1931,3573,782,823,1710,1992,3702,760,
15425,Boyaca,Macanal,4051,Boyaca,Macanal,1,2716,3046,5762,1301,1330,4043,4420,8463,2046,
85125,Casanare,Hato Corozal,4052,Boyaca,Manare,1,704,618,1322,214,256,902,898,1800,428,
85139,Casanare,Mani,4053,Boyaca,Mani,1,615,266,881,203,239,621,561,1182,147,
15442,Boyaca,Maripi,4054,Boyaca,Maripi,1,2824,2709,5533,1145,1339,4695,4056,8751,2541,
85001,Casanare,Yopal,4055,Boyaca,Marroquin,1,738,644,1382,347,378,1247,1116,2363,564,
15455,Boyaca,Miraflores,4056,Boyaca,Miraflores,1,5444,5849,11293,2082,2478,6439,7226,13665,2596,
15464,Boyaca,Mongua,4057,Boyaca,Mongua,1,1910,2543,4453,1090,1104,2746,3425,6171,1258,
15466,Boyaca,Mongui,4058,Boyaca,Mongui,1,1210,1636,2846,1036,1083,1616,1959,3575,759,
15469,Boyaca,Moniquira,4059,Boyaca,Moniquira,1,6052,6854,12906,2731,2880,9544,1007,10551,4620,
85259,Casanare,Paz De Ariporo,4060,Boyaca,Moreno,1,602,595,1197,265,263,804,701,1505,348,
15476,Boyaca,Motavita,4061,Boyaca,Motavita,1,1100,1146,2246,544,561,919,1078,1997,406,
15480,Boyaca,Muzo,4062,Boyaca,Muzo,1,1940,1324,3264,725,758,2240,2130,4370,1002,
15491,Boyaca,Nobsa,4063,Boyaca,Nobsa,1,1467,1894,3361,667,695,1344,1918,3262,538,
15494,Boyaca,Nuevo Colon,4064,Boyaca,Nuevo Colon,1,1904,2270,4174,959,1032,2629,3108,5737,1024,
85225,Casanare,Nunchia,4065,Boyaca,Nunchia,1,1577,1481,3058,552,667,2153,2148,4301,1006,
15500,Boyaca,Oicata,4066,Boyaca,Oicata,1,1183,1306,2489,624,676,1911,1823,3734,926,
85230,Casanare,Orocue,4067,Boyaca,Orocue,1,1293,1181,2474,734,766,1527,1504,3031,833,
15511,Boyaca,Pachavita,4068,Boyaca,Pachavita,1,2861,3032,5893,1540,1613,4648,5064,9712,2180,
15516,Boyaca,Paipa,4069,Boyaca,Paipa,1,4902,5763,10665,2221,2252,6738,7330,14068,2867,
15518,Boyaca,Pajarito,4070,Boyaca,Pajarito,1,323,376,699,244,253,527,464,991,291,
15522,Boyaca,Panqueba,4071,Boyaca,Panqueba,1,1246,1412,2658,637,666,1947,1969,3916,1070,
15664,Boyaca,San Jose De Pare,4072,Boyaca,Pare,1,1972,1989,3961,1054,1121,4073,3631,7704,2417,
15531,Boyaca,Pauna,4073,Boyaca,Pauna,1,2898,3656,6554,1812,1868,4032,3789,7821,2088,
15533,Boyaca,Paya,4074,Boyaca,Paya,1,1380,1603,2983,276,289,1060,1246,2306,448,
15542,Boyaca,Pesca,4075,Boyaca,Pesca,1,5124,5557,10681,2076,2282,8677,8206,16883,4956,
15550,Boyaca,Pisba,4076,Boyaca,Pisva,1,226,298,524,186,194,295,343,638,116,
85263,Casanare,Pore,4077,Boyaca,Pore,1,524,458,982,202,212,494,439,933,241,
15047,Boyaca,Aquitania,4078,Boyaca,Puebloviejo,1,5396,5693,11089,2133,2170,7663,7013,14676,3775,
15599,Boyaca,Ramiriqui,4079,Boyaca,Ramiquiri,1,3913,4050,7963,2119,2124,5738,6022,11760,2094,
15600,Boyaca,Raquira,4080,Boyaca,Raquira,1,1284,1645,2929,1487,1506,4707,3119,7826,1958,
85279,Casanare,Recetor,4081,Boyaca,Recetor,1,,,,153,159,361,347,708,193,
15632,Boyaca,Saboya,4082,Boyaca,Saboya,1,5870,6311,12181,2426,2480,10746,8454,19200,5270,
85315,Casanare,Sacama,4083,Boyaca,Sacama,1,122,92,214,40,42,170,154,324,63,
15638,Boyaca,Sachica,4084,Boyaca,Sachica,1,406,460,866,344,337,567,585,1152,260,
15646,Boyaca,Samaca,4085,Boyaca,Samaca,1,1965,2364,4329,1596,1677,2502,2903,5405,1063,
81794,Arauca,Tame,4086,Boyaca,San Lope,1,214,172,386,,,,,,,
15673,Boyaca,San Mateo,4087,Boyaca,San Mateo,1,3686,3735,7421,1525,1639,5968,6013,11981,2297,
,,,4088,Boyaca,San Rafael,,3212,3118,6330,1183,1335,5284,4518,9802,1817,
15686,Boyaca,Santana,4089,Boyaca,Santa Ana,1,1782,1880,3662,620,655,2486,2521,5007,1207,
15693,Boyaca,Santa Rosa De Viterbo,4090,Boyaca,Santa Rosa De Viterbo,1,2444,3581,6025,983,1053,4275,4990,9265,1318,
15696,Boyaca,Santa Sofia,4091,Boyaca,Santa Sofia,1,2061,2058,4119,1575,1585,4116,2798,6914,2165,
15720,Boyaca,Sativanorte,4092,Boyaca,Sativanorte,1,2956,3265,6221,1165,1377,4296,4516,8812,2100,
15723,Boyaca,Sativasur,4093,Boyaca,Sativasur,1,925,1163,2088,444,484,1514,1451,2965,627,
15740,Boyaca,Siachoque,4094,Boyaca,Siachoque,1,2568,2840,5408,1019,1123,4235,4824,9059,1189,
15753,Boyaca,Soata,4095,Boyaca,Soata,1,6142,7216,13358,2391,2526,11759,9608,21367,6475,
15755,Boyaca,Socota,4096,Boyaca,Socota,1,4431,4649,9080,1967,2033,5611,6311,11922,2335,
15757,Boyaca,Socha,4097,Boyaca,Socha,1,2688,3198,5886,1528,1559,3518,3456,6974,1723,
15759,Boyaca,Sogamoso,4098,Boyaca,Sogamoso,1,7695,8844,16539,4138,4327,12809,12875,25684,6283,
15761,Boyaca,Somondoco,4099,Boyaca,Somondoco,1,4161,4648,8809,1813,1873,4151,4482,8633,1696,
15762,Boyaca,Sora,4100,Boyaca,Sora,1,934,1079,2013,512,549,1639,1189,2828,833,
15764,Boyaca,Soraca,4101,Boyaca,Soraca,1,1227,1522,2749,662,713,1549,1656,3205,721,
15763,Boyaca,Sotaquira,4102,Boyaca,Sotaquira,1,2910,3406,6316,1571,1543,4917,4938,9855,2073,
15774,Boyaca,Susacon,4103,Boyaca,Susacon,1,2344,2567,4911,777,796,4111,3996,8107,1974,
15776,Boyaca,Sutamarchan,4104,Boyaca,Sutamarchan,1,2536,2530,5066,1028,111,4655,3983,8638,2610,
15778,Boyaca,Sutatenza,4105,Boyaca,Sutatensa,1,3229,3762,6991,2203,2304,5079,4710,9789,1936,
85400,Casanare,Tamara,4106,Boyaca,Tamara,1,1672,1791,3463,631,671,3026,3086,6112,906,
81794,Arauca,Tame,4107,Boyaca,Tame,1,1185,1034,2219,,,,,,,
15790,Boyaca,Tasco,4108,Boyaca,Tasco,1,2645,3027,5672,1199,1270,2848,3371,6219,1227,
,,,4109,Boyaca,Ten,,357,415,772,173,177,850,839,1689,184,
15798,Boyaca,Tenza,4110,Boyaca,Tensa,1,2965,3733,6698,1834,1856,2933,3572,6505,1300,1
15804,Boyaca,Tibana,4111,Boyaca,Tibana,1,5394,5365,10759,2671,2784,6657,6431,13088,3200,1
15806,Boyaca,Tibasosa,4112,Boyaca,Tibasosa,1,2017,2240,4257,1113,1392,3013,3539,6552,1200,1
15808,Boyaca,Tinjaca,4113,Boyaca,Tinjaca,1,2861,3259,6120,1234,1250,3543,3821,7364,1700,1
15814,Boyaca,Toca,4114,Boyaca,Toca,1,2228,2410,4638,1027,1042,3486,3717,7203,1438,
15816,Boyaca,Togsi,4115,Boyaca,Togui,1,1686,1790,3476,686,728,2505,2498,5003,1034,
15820,Boyaca,Topaga,4116,Boyaca,Topaga,1,1357,1566,2923,774,850,1793,2164,3957,760,
15822,Boyaca,Tota,4117,Boyaca,Tota,1,2667,3160,5827,1060,1169,3340,3786,7126,1368,
85430,Casanare,Trinidad,4118,Boyaca,Trinidad,1,726,654,1380,300,316,1179,1062,2241,499,
15835,Boyaca,Turmeque,4119,Boyaca,Turmeque,1,3229,3678,6907,2003,2090,5014,5538,10552,2235,
15837,Boyaca,Tuta,4120,Boyaca,Tuta,1,2185,2493,4678,1459,1563,3051,3525,6576,1411,
15839,Boyaca,Tutaza,4121,Boyaca,Tutasa,1,673,822,1495,396,418,1267,1272,2539,563,
15842,Boyaca,Umbita,4122,Boyaca,Umbita,1,4273,4041,8314,1191,1353,7201,6718,13919,3052,
15861,Boyaca,Ventaquemada,4123,Boyaca,Ventaquemada (Padua),1,3115,3600,6715,1495,1621,5158,4743,9901,2538,
15879,Boyaca,Viracacha,4124,Boyaca,Viracacha,1,2144,2261,4405,1655,1682,3403,3395,6798,1483,
,,,4125,Boyaca,Zapatosa,,344,262,606,132,140,641,424,1065,383,
15897,Boyaca,Zetaquira,4126,Boyaca,Zetaquira,1,3307,4391,7698,912,1053,5290,4508,9798,2642,
,,,4127,Boyaca,Territorio Vasquez,,966,880,1846,550,586,1618,1432,3050,779,
,,,4128,Boyaca,Indios (Tribus),2,,,,,,2163,2127,4290,,
17001,Caldas,Manizales,5001,Caldas,Manizales,1,21468,21735,43203,12936,11953,42734,38357,81091,20496,
17013,Caldas,Aguadas,5002,Caldas,Aguadas,1,13452,14261,27713,5151,4428,12942,14377,27319,5264,
17042,Caldas,Anserma,5003,Caldas,Anserma,1,8190,8471,16661,2560,2547,8196,8115,16311,3519,
66045,Risaralda,Apia,5004,Caldas,Apia,1,5540,5589,11129,2211,2104,7287,6368,13655,3241,
17050,Caldas,Aranzazu,5005,Caldas,Aranzazu,1,4391,4318,8709,1824,1685,5531,5393,10924,2077,
63001,Quindio,Armenia,5006,Caldas,Armenia,1,8828,8578,17406,5307,5334,17421,15917,33338,9161,
66075,Risaralda,Balboa,5007,Caldas,Balboa,1,,,,761,734,2395,2114,4509,944,
17088,Caldas,Belalcazar,5008,Caldas,Belalcazar,1,4641,4333,8974,2007,2116,6916,6193,13109,3222,
,,,5009,Caldas,Belen (V. Mocatan),3,,,,,,,,,,
63130,Quindio,Calarca,5010,Caldas,Calarca,1,10141,9143,19284,3846,4024,13530,11146,24676,6411,
63190,Quindio,Circasia,5011,Caldas,Circasia,1,3640,3482,7122,1598,1612,5251,4886,10137,2304,
,,,5012,Caldas,Colon (V. Pijao),3,,,,,,,,,,
17174,Caldas,Chinchina,5013,Caldas,Chinchina (S. Francisco),1,3666,3317,6983,2552,2135,8515,7158,15673,4319,
17272,Caldas,Filadelfia,5014,Caldas,Filadelfia,1,3227,2910,6137,1348,1138,5198,4490,9688,2324,
63272,Quindio,Filandia,5015,Caldas,Filandia,1,6678,6154,12832,1458,1309,4284,4047,8331,1756,
66318,Risaralda,Guatica,5016,Caldas,Guatica,1,,,,1407,1149,3287,3402,6689,1211,
17380,Caldas,La Dorada,5017,Caldas,La Dorada,1,,,,1002,1198,3285,1965,5250,2145,
17433,Caldas,Manzanares,5018,Caldas,Manzanares,1,6953,7078,14031,1728,1877,6250,6331,12581,2472,
17442,Caldas,Marmato,5019,Caldas,Marmato,1,2476,2900,5376,800,616,1359,1647,3006,502,
17444,Caldas,Marquetalia,5020,Caldas,Marquetalia (Nuñez),1,,,,684,684,2339,2275,4614,874,
66440,Risaralda,Marsella,5021,Caldas,Marsella (Segovia),1,4763,4432,9195,1795,1816,5940,5288,11228,2492,
17446,Caldas,Marulanda,5022,Caldas,Marulanda,1,2327,2348,4675,724,668,2380,2385,4765,845,
66456,Risaralda,Mistrato,5023,Caldas,Mistrato,1,,,,1164,863,2676,2648,5324,1030,
66088,Risaralda,Belen De Umbria,5024,Caldas,Mocatan (Belen),1,4956,4892,9848,1884,2097,7380,6767,14147,2914,
63470,Quindio,Montenegro,5025,Caldas,Montenegro,1,2773,2492,5265,1304,1564,5862,4229,10091,3020,
17486,Caldas,Neira,5026,Caldas,Neira,1,6754,6474,13228,2485,2840,9738,8797,18535,3853,
,,,5027,Caldas,Nuñez (V. Marquetalia),3,,,,,,,,,,
17513,Caldas,Pacora,5028,Caldas,Pacora,1,6723,6991,13714,2891,2467,7703,7948,15651,2915,
17524,Caldas,Palestina,5029,Caldas,Palestina,1,3124,2584,5708,1010,982,3744,3058,6802,1752,
17541,Caldas,Pensilvania,5030,Caldas,Pensilvania,1,6814,6808,13622,2716,2485,8598,8686,17284,3108,
66001,Risaralda,Pereira,5031,Caldas,Pereira,1,12709,12026,24735,8304,8250,27959,22740,50699,14446,
63548,Quindio,Pijao,5032,Caldas,Pijao (V. Colon),1,,,,1337,1279,4689,3908,8597,1953,
66572,Risaralda,Pueblo Rico,5033,Caldas,Pueblorrico,1,1840,1777,3617,764,627,2035,1791,3826,844,
63594,Quindio,Quimbaya,5034,Caldas,Quimbaya,1,,,,1777,1635,5838,4343,10181,2799,
66594,Risaralda,Quinchia,5035,Caldas,Quinchia (Nazaret),1,3821,3806,7627,2210,1918,5339,5624,10963,1993,
17614,Caldas,Riosucio,5036,Caldas,Riosucio,1,9103,9928,19031,4444,3799,10498,11632,22130,4031,
17616,Caldas,Risaralda,5037,Caldas,Risaralda (San Joaquin),1,3759,3296,7055,1879,1816,5550,4943,10493,2354,
17653,Caldas,Salamina,5038,Caldas,Salamina,1,10149,10177,20326,3746,3400,10613,10929,21542,4177,
63690,Quindio,Salento,5039,Caldas,Salento,1,2375,2053,4428,881,865,3526,2581,6107,1655,
17662,Caldas,Samana,5040,Caldas,Samana (San Agustin),1,4008,3933,7941,1537,1721,5462,5598,11060,2074,
,,,5041,Caldas,San Agustin (V. Samana),3,,,,,,,,,,
,,,5042,Caldas,San Francisco (V. Chinchina),3,,,,,,,,,,
,,,5043,Caldas,San Joaquin (V. Risaralda),3,,,,,,,,,,
66682,Risaralda,Santa Rosa De Cabal,5044,Caldas,Santa Rosa De Cabal,1,10476,10542,21018,4399,4186,15940,14484,30424,6627,
,,,5045,Caldas,Santuario (V. Tatama),3,,,,,,,,,,
17777,Caldas,Supia,5046,Caldas,Supia,1,3094,3353,6447,1536,1367,3954,4079,8033,1549,
66687,Risaralda,Santuario,5047,Caldas,Tatama (Santuario),1,6127,5717,11844,2209,2097,6354,5855,12209,2477,
17867,Caldas,Victoria,5048,Caldas,Victoria,1,2752,2053,4805,559,497,1493,1340,2833,670,
17873,Caldas,Villamaria,5049,Caldas,Villa Maria,1,4303,4137,8440,1514,1561,5425,4951,10376,2342,
19001,Cauca,Popayan,6001,Cauca,Popayan,1,9383,10852,20235,12012,5216,15711,16118,31829,7768,
19022,Cauca,Almaguer,6002,Cauca,Almaguer,1,5188,5590,10778,6448,2556,8220,7906,16126,3470,
19100,Cauca,Bolivar,6003,Cauca,Bolivar,1,9178,9540,18718,7549,4183,13320,13057,26377,6146,
19110,Cauca,Buenos Aires,6004,Cauca,Buenos Aires,1,2662,3111,5773,2208,1267,3575,3760,7335,1640,
19130,Cauca,Cajibio,6005,Cauca,Cajibio,1,3714,3837,7551,3089,1827,5390,5453,10843,2168,
19137,Cauca,Caldono,6006,Cauca,Caldono,1,3323,3149,6472,1765,1547,4282,4436,8718,1909,
19142,Cauca,Caloto,6007,Cauca,Caloto,1,4377,4620,8997,4528,2056,5928,6158,12086,2644,
19212,Cauca,Corinto,6008,Cauca,Corinto,1,2238,2199,4437,1458,1196,3579,3297,6876,1780,
19622,Cauca,Rosas,6009,Cauca,Dolores,1,1496,1530,3026,729,595,1755,1749,3504,764,
19256,Cauca,El Tambo,6010,Cauca,El Tambo,1,6828,7344,14172,8461,2926,9198,9719,18917,3853,
19318,Cauca,Guapi,6011,Cauca,Guapi,1,5133,5445,10578,3435,1623,4356,5154,9510,1992,
19355,Cauca,Inza,6012,Cauca,Inza,1,2959,2928,5887,3256,1249,3761,3725,7486,1681,
19364,Cauca,Jambalo,6013,Cauca,Jambalo,1,2484,2449,4933,1170,610,1959,1987,3946,947,
19392,Cauca,La Sierra,6014,Cauca,La Sierra,1,1594,1738,3332,1073,719,2001,2062,4063,831,
19397,Cauca,La Vega,6015,Cauca,La Vega,1,3756,3878,7634,1998,1818,4633,4824,9457,2031,
19450,Cauca,Mercaderes,6016,Cauca,Mercaderes,1,3854,3743,7597,2003,1485,3914,4160,8074,1628,
19455,Cauca,Miranda,6017,Cauca,Miranda,1,2272,2265,4537,2043,919,3035,2928,5963,1521,
19473,Cauca,Morales,6018,Cauca,Morales,1,1712,1774,3486,1827,768,2251,2260,4511,984,
19517,Cauca,Paez,6019,Cauca,Paez (Belalcazar),1,4741,4634,9375,4933,2472,6198,5874,12072,2914,
19532,Cauca,Patia,6020,Cauca,Patia (El Bordo),1,3187,3169,6356,2433,1660,4603,4906,9509,1819,
19573,Cauca,Puerto Tejada,6021,Cauca,Puerto Tejada,1,1685,1634,3319,4402,1280,4471,3817,8288,2282,
19585,Cauca,Purace,6022,Cauca,Purace,1,1865,1978,3843,948,685,1904,2091,3995,897,
19397,Cauca,La Vega,6023,Cauca,San Miguel,1,3340,3584,6924,2013,1049,3168,3554,6722,1389,
19693,Cauca,San Sebastian,6024,Cauca,San Sebastian,1,2422,2531,4953,1526,1169,2895,3062,5957,1322,
19701,Cauca,Santa Rosa,6025,Cauca,Santa Rosa,1,641,607,1248,357,241,740,719,1459,317,
19698,Cauca,Santander De Quilichao,6026,Cauca,Santander,1,5469,6224,11693,6385,2471,7347,7831,15178,3292,
19743,Cauca,Silvia,6027,Cauca,Silvia,1,5623,5556,11179,4991,2442,6727,6984,13711,3112,
19807,Cauca,Timbio,6028,Cauca,Timbio,1,6726,7190,13916,4094,3136,11059,10450,21509,4864,
19809,Cauca,Timbiqui,6029,Cauca,Timbiqui,1,2132,2224,4356,703,1141,3419,4146,7565,1294,
19821,Cauca,Toribio,6030,Cauca,Toribio (Tacueyo),1,2181,2306,4487,1471,883,2882,2665,5547,1358,
19824,Cauca,Totoro,6031,Cauca,Totoro,1,2471,2554,5025,3327,1028,2738,2765,5503,1233,
19548,Cauca,Piendamo,6032,Cauca,Tunia,1,1548,1926,3474,2009,876,2508,2638,5146,1118,
11001,,Bogota,7001,Cundinamarca,Bogota,1,59636,84358,143994,21347,33172,103868,131553,235421,56609,
25001,Cundinamarca,Agua De Dios,7002,Cundinamarca,Agua De Dios,1,2481,2792,5273,1280,1060,3002,3576,6578,758,
25019,Cundinamarca,Alban,7003,Cundinamarca,Alban,1,918,990,1908,529,517,2632,1644,4276,1550,
25035,Cundinamarca,Anapoima,7004,Cundinamarca,Anapoima,1,3595,2954,6549,1260,910,4655,3230,7885,2489,
25040,Cundinamarca,Anolaima,7005,Cundinamarca,Anolaima,1,7773,7859,15632,2989,3055,9163,9552,18715,4370,
25053,Cundinamarca,Arbelaez,7006,Cundinamarca,Arbelaez,1,3642,3601,7243,1601,1639,4959,4718,9677,2322,
25086,Cundinamarca,Beltran,7007,Cundinamarca,Beltran,1,950,958,1908,306,214,836,780,1616,385,
25095,Cundinamarca,Bituima,7008,Cundinamarca,Bituima,1,2781,2484,5265,921,606,2154,1927,4081,1062,
25099,Cundinamarca,Bojaca,7009,Cundinamarca,Bojaca,1,1270,1286,2556,411,341,1007,1057,2064,458,
11001,,Bogota,7010,Cundinamarca,Bosa,1,841,1086,1927,443,357,1070,1038,2108,504,
25126,Cundinamarca,Cajica,7011,Cundinamarca,Cajica,1,2319,2614,4933,958,992,2385,2791,5176,1148,
25148,Cundinamarca,Caparrapi,7012,Cundinamarca,Caparrapi,1,4316,4321,8637,2873,1795,7302,5622,12924,4185,
25151,Cundinamarca,Caqueza,7013,Cundinamarca,Caqueza,1,7093,7886,14979,2315,2420,9813,8301,18114,4875,
25154,Cundinamarca,Carmen De Carupa,7014,Cundinamarca,Carmen De Carupa,1,4284,4410,8694,1618,1828,7803,6859,14662,3984,
25898,Cundinamarca,Zipacon,7015,Cundinamarca,Cipacon,1,1483,1512,2995,625,289,1350,1440,2790,651,
25200,Cundinamarca,Cogua,7016,Cundinamarca,Cogua,1,2174,2266,4440,828,885,2171,2329,4500,1066,
25214,Cundinamarca,Cota,7017,Cundinamarca,Cota,1,1623,1725,3348,710,654,1508,1672,3180,716,
25224,Cundinamarca,Cucunuba,7018,Cundinamarca,Cucunuba,1,2273,2775,5048,933,909,3633,3474,7107,1895,
25168,Cundinamarca,Chaguani,7019,Cundinamarca,Chaguani,1,2059,2015,4074,719,659,2226,1984,4210,1011,
25175,Cundinamarca,Chia,7020,Cundinamarca,Chia,1,2876,3762,6638,1902,1790,5351,6306,11657,2670,
25178,Cundinamarca,Chipaque,7021,Cundinamarca,Chipaque,1,3159,3647,6806,1353,1327,3504,3828,7332,1629,
25181,Cundinamarca,Choachi,7022,Cundinamarca,Choachi,1,3525,3602,7127,1797,1395,3710,3896,7606,1699,
25183,Cundinamarca,Choconta,7023,Cundinamarca,Choconta,1,4682,5403,10085,1151,2223,7113,7489,14602,3573,
25245,Cundinamarca,El Colegio,7024,Cundinamarca,El Colegio,1,4044,3620,7664,1488,1297,4414,4271,8685,2083,
25258,Cundinamarca,El Peñon,7025,Cundinamarca,El Peñon,1,4207,4353,8560,1184,1291,4472,3721,8193,2310,
11001,Bogota,Bogota,7026,Cundinamarca,Engativa,1,377,428,805,152,222,498,528,1026,220,
25269,Cundinamarca,Facatativa,7027,Cundinamarca,Facatativa,1,4587,6020,10607,1886,2581,5960,7422,13382,2824,
25279,Cundinamarca,Fomeque,7028,Cundinamarca,Fomeque,1,6462,6616,13078,2461,2218,8211,7186,15397,673,
11001,,Bogota,7029,Cundinamarca,Fontibon,1,1195,1452,2647,565,563,1477,1961,3438,4059,
25281,Cundinamarca,Fosca,7030,Cundinamarca,Fosca,1,2300,2426,4726,923,537,2718,2790,5508,1204,
25286,Cundinamarca,Funza,7031,Cundinamarca,Funza,1,1806,2292,4098,609,508,1345,1663,3008,630,
25288,Cundinamarca,Fuquene,7032,Cundinamarca,Fuquene,1,1631,1803,3434,832,831,3109,2557,5666,1852,
25290,Cundinamarca,Fusagasuga,7033,Cundinamarca,Fusagasuga,1,8176,8019,16195,2797,3028,10276,9745,20021,4854,
25293,Cundinamarca,Gachala,7034,Cundinamarca,Gachala,1,3150,3376,6526,1305,1251,3773,3896,7669,1638,
25295,Cundinamarca,Gachancipa,7035,Cundinamarca,Gacanchipa,1,920,1090,2010,444,353,781,903,1684,410,
25297,Cundinamarca,Gacheta,7036,Cundinamarca,Gacheta,1,6507,7093,13600,2870,2522,6853,7421,14274,2948,
25299,Cundinamarca,Gama,7037,Cundinamarca,Gama,1,2418,2683,5101,1164,979,2553,3037,5590,1132,
25307,Cundinamarca,Girardot,7038,Cundinamarca,Girardot,1,6224,7188,13412,2985,3070,11215,12594,23809,5815,
25317,Cundinamarca,Guacheta,7039,Cundinamarca,Guacheta,1,2750,3623,6373,1412,1224,2984,3773,6757,1346,
25320,Cundinamarca,Guaduas,7040,Cundinamarca,Guaduas,1,6383,6495,12878,2888,2600,7419,7322,14741,3591,
25322,Cundinamarca,Guasca,7041,Cundinamarca,Guasca,1,3142,2892,6034,1076,1420,5540,4614,10154,3512,
25324,Cundinamarca,Guataqui,7042,Cundinamarca,Guataqui,1,867,777,1644,306,316,948,973,1921,428,
25326,Cundinamarca,Guatavita,7043,Cundinamarca,Guatavita,1,3346,4025,7371,1138,1028,2742,2998,5740,1257,
25328,Cundinamarca,Guayabal De Siquima,7044,Cundinamarca,Guayabal De Siquima,1,4137,4355,8492,847,1095,7378,5148,12526,4996,
25339,Cundinamarca,Gutierrez,7045,Cundinamarca,Gutierrez,1,1183,1273,2456,479,448,1345,1529,2874,509,
25368,Cundinamarca,Jerusalen,7046,Cundinamarca,Jerusalen,1,1655,1437,3092,372,437,1456,1281,2737,630,
25372,Cundinamarca,Junin,7047,Cundinamarca,Junin,1,5811,6518,12329,3689,3162,8733,9169,17902,3891,
25377,Cundinamarca,La Calera,7048,Cundinamarca,La Calera,1,2408,2290,4698,1449,881,2828,2711,5539,1303,
25386,Cundinamarca,La Mesa,7049,Cundinamarca,La Mesa,1,5477,5475,10952,1753,1061,5583,5445,11028,2820,
25394,Cundinamarca,La Palma,7050,Cundinamarca,La Palma,1,5230,5572,10802,2380,2211,7131,7183,14314,3163,
25398,Cundinamarca,La Peña,7051,Cundinamarca,La Peña,1,3729,3937,7666,1093,1027,5020,4259,9279,2644,
25402,Cundinamarca,La Vega,7052,Cundinamarca,La Vega,1,3611,3862,7473,1506,1217,4423,3467,7890,2369,
25407,Cundinamarca,Lenguazaque,7053,Cundinamarca,Lenguazaque,1,2637,3068,5705,1070,1044,2655,2926,5581,1192,
25426,Cundinamarca,Macheta,7054,Cundinamarca,Macheta,1,6863,8679,15542,3012,3031,13288,10146,23434,5986,
25430,Cundinamarca,Madrid,7055,Cundinamarca,Madrid,1,2179,2332,4511,884,745,2042,2578,4620,949,
25436,Cundinamarca,Manta,7056,Cundinamarca,Manta,1,7309,5504,12813,1848,1989,8673,7498,16171,5255,
25438,Cundinamarca,Medina,7057,Cundinamarca,Medina,1,1381,1353,2734,607,584,1614,1457,3071,845,
25473,Cundinamarca,Mosquera,7058,Cundinamarca,Mosquera,1,1343,1622,2965,403,511,1466,1661,3127,577,
25483,Cundinamarca,Nariño,7059,Cundinamarca,Nariño,1,671,660,1331,288,277,1054,849,1903,419,
25486,Cundinamarca,Nemocon,7060,Cundinamarca,Nemocon,1,2637,2724,5361,1037,908,2664,2695,5359,1710,
25488,Cundinamarca,Nilo,7061,Cundinamarca,Nilo,1,1977,1711,3688,603,661,2216,1922,4138,1078,
25489,Cundinamarca,Nimaima,7062,Cundinamarca,Nimaima,1,2147,1631,3778,640,714,3754,2599,6353,1969,
25491,Cundinamarca,Nocaima,7063,Cundinamarca,Nocaima,1,2368,2229,4597,1473,1468,4906,4271,9177,3128,
25513,Cundinamarca,Pacho,7064,Cundinamarca,Pacho,1,8095,8512,16607,3844,3404,10550,10793,21343,4917,
25518,Cundinamarca,Paime,7065,Cundinamarca,Paime,1,1515,1334,2849,680,723,2332,2151,4483,1137,
25524,Cundinamarca,Pandi,7066,Cundinamarca,Pandi,1,3533,3326,6859,1074,1036,3467,3197,6664,1574,
25535,Cundinamarca,Pasca,7067,Cundinamarca,Pasca,1,2162,2188,4350,984,952,2918,2990,5908,1331,
25580,Cundinamarca,Puli,7068,Cundinamarca,Puli,1,1689,1800,3489,698,597,1822,1809,3631,819,
25592,Cundinamarca,Quebradanegra,7069,Cundinamarca,Quebradanegra,1,1499,1656,3155,672,687,2860,2156,5016,1867,
25594,Cundinamarca,Quetame,7070,Cundinamarca,Quetame,1,2463,2585,5048,952,703,2879,3079,5958,1316,
25596,Cundinamarca,Quipile,7071,Cundinamarca,Quipile,1,4206,3771,7977,1778,1410,4884,4221,9105,2347,
25612,Cundinamarca,Ricaurte,7072,Cundinamarca,Ricaurte,1,3078,2930,6008,684,704,2555,2264,4819,1154,
25645,Cundinamarca,San Antonio Del Tequendama,7073,Cundinamarca,San Antonio,1,2602,2278,4880,747,775,2262,2275,4537,1092,
25649,Cundinamarca,San Bernardo,7074,Cundinamarca,San Bernardo,1,,,,563,734,2953,2484,5437,1333,
25653,Cundinamarca,San Cayetano,7075,Cundinamarca,San Cayetano,1,2929,3014,5943,1280,1112,3238,3283,6521,1527,
25658,Cundinamarca,San Francisco,7076,Cundinamarca,San Francisco,1,1638,1503,3141,641,615,1784,1686,3470,808,
25662,Cundinamarca,San Juan De Rio Seco,7077,Cundinamarca,San Juan De Rioseco,1,3118,3289,6407,1434,1432,4814,4416,9230,2452,
25718,Cundinamarca,Sasaima,7078,Cundinamarca,Sasaima,1,3475,3167,6642,1233,1035,3174,3109,6283,1486,
25736,Cundinamarca,Sesquile,7079,Cundinamarca,Sesquile,1,1869,2158,4027,818,699,3247,2763,6010,1678,
25745,Cundinamarca,Simijaca,7080,Cundinamarca,Simijaca,1,2372,2730,5102,907,854,2022,2351,4373,867,
25754,Cundinamarca,Soacha,7081,Cundinamarca,Soacha,1,4813,4460,9273,1531,1574,6054,5097,11151,3095,
25758,Cundinamarca,Sopo,7082,Cundinamarca,Sopo,1,1287,1291,2578,607,472,1256,1291,2547,626,
11001,,Bogota,7083,Cundinamarca,Suba,1,1139,1205,2344,520,482,1413,1378,2791,631,
25769,Cundinamarca,Subachoque,7084,Cundinamarca,Subachoque,1,3307,3447,6754,1346,1184,3332,3507,6839,1571,
25772,Cundinamarca,Suesca,7085,Cundinamarca,Suesca,1,2257,2450,4707,954,616,3510,3114,6624,1818,
25777,Cundinamarca,Supata,7086,Cundinamarca,Supata,1,1827,1889,3716,801,753,2294,2129,4423,1190,
25779,Cundinamarca,Susa,7087,Cundinamarca,Susa,1,2093,2298,4391,993,954,3171,3163,6334,1391,
25781,Cundinamarca,Sutatausa,7088,Cundinamarca,Sutatausa,1,1236,1508,2744,557,547,1366,1461,2827,687,
25785,Cundinamarca,Tabio,7089,Cundinamarca,Tabio,1,1515,1720,3235,743,651,1381,1666,3047,707,
25793,Cundinamarca,Tausa,7090,Cundinamarca,Tausa,1,1772,1779,3551,827,729,1893,1866,3759,881,
25797,Cundinamarca,Tena,7091,Cundinamarca,Tena,1,2308,2099,4407,755,596,2111,2185,4296,1092,
25799,Cundinamarca,Tenjo,7092,Cundinamarca,Tenjo,1,1225,1499,2724,820,705,1546,1838,3384,774,
25805,Cundinamarca,Tibacuy,7093,Cundinamarca,Tibacuy,1,2172,2000,4172,764,601,2035,1651,3686,896,
25807,Cundinamarca,Tibirita,7094,Cundinamarca,Tibirita,1,2332,2587,4919,1286,1103,2664,3021,5685,1336,
25815,Cundinamarca,Tocaima,7095,Cundinamarca,Tocaima,1,5994,5961,11955,2173,1851,6304,6000,12304,3098,
25817,Cundinamarca,Tocancipa,7096,Cundinamarca,Tocancipa,1,967,1146,2113,450,440,977,1146,2123,491,
25823,Cundinamarca,Topaipi,7097,Cundinamarca,Topaipi,1,,,,1546,1344,3998,3808,7806,1678,
25839,Cundinamarca,Ubala,7098,Cundinamarca,Ubala,1,3733,3766,7499,1745,1673,4766,4757,9523,2098,
25841,Cundinamarca,Ubaque,7099,Cundinamarca,Ubaque,1,3053,3453,6506,1532,1174,3064,3586,6650,1320,
25843,Cundinamarca,Villa De San Diego De Ubate,7100,Cundinamarca,Ubate,1,4517,5816,10333,2215,1738,4169,5494,9663,1858,
25845,Cundinamarca,Une,7101,Cundinamarca,Une,1,2439,2610,5049,854,777,2655,2726,5381,1191,
11001,Bogota,Bogota,7102,Cundinamarca,Usaquen,1,1110,1066,2176,424,394,1413,1307,2720,677,
11001,Bogota,Bogota,7103,Cundinamarca,Usme,1,1555,1360,2915,679,559,3135,2151,5286,1893,
25851,Cundinamarca,Utica,7104,Cundinamarca,Utica,1,1734,1906,3640,731,609,1853,1859,3712,806,
25862,Cundinamarca,Vergara,7105,Cundinamarca,Vergara,1,3213,3215,6428,1357,1298,3834,3733,7567,1714,
25867,Cundinamarca,Viani,7106,Cundinamarca,Viani,1,2313,2353,4666,914,712,2546,2492,5038,1206,
25873,Cundinamarca,Villapinzon,7107,Cundinamarca,Villa Pinzon,1,3146,3600,6746,1659,1286,3949,3903,7852,1901,
25875,Cundinamarca,Villeta,7108,Cundinamarca,Villeta,1,3224,3197,6421,1206,1062,4818,3716,8534,2661,
25878,Cundinamarca,Viota,7109,Cundinamarca,Viota,1,4381,3908,8289,1089,1571,5254,4658,9912,2712,
25885,Cundinamarca,Yacopi,7110,Cundinamarca,Yacopi,1,3562,3456,7018,2038,1561,5639,5252,10891,2362,
25899,Cundinamarca,Zipaquira,7111,Cundinamarca,Zipaquira,1,4821,5692,10513,2291,1933,5265,6195,11460,2528,
41001,Huila,Neiva,8001,Huila,Neiva,1,10074,15111,25185,4281,5277,14009,15979,29988,6757,
41013,Huila,Agrado,8002,Huila,Agrado,1,2208,3310,5518,860,1104,2240,3058,5298,1142,
41016,Huila,Aipe,8003,Huila,Aipe,1,3706,4059,7765,1070,1429,3765,4094,7859,1712,
41026,Huila,Altamira,8004,Huila,Altamira,1,873,1308,2181,425,449,938,1252,2190,422,
41078,Huila,Baraya,8005,Huila,Baraya,1,2203,3304,5507,664,974,3144,3274,6418,1442,
41132,Huila,Campoalegre,8006,Huila,Campoalegre,1,4366,6549,10915,1568,1594,3704,4352,8056,1696,
41483,Huila,Nataga,8007,Huila,Carnicerias,1,2007,3009,5016,861,969,2590,2857,5447,1238,
41206,Huila,Colombia,8008,Huila,Colombia,1,2312,3468,5780,1049,1001,2959,3246,6205,1375,
,,,8009,Huila,Concepcion,,1626,2439,4065,1090,928,2390,2825,5215,961,
41244,Huila,Elias,8010,Huila,Elias,1,1983,2973,4956,1045,1048,2987,3412,6399,1331,
41298,Huila,Garzon,8011,Huila,Garzon,1,4692,7037,11729,1638,2211,6067,7417,13484,2937,
41306,Huila,Gigante,8012,Huila,Gigante,1,3008,4511,7519,1440,1364,3497,4157,7654,1585,
41319,Huila,Guadalupe,8013,Huila,Guadalupe,1,2394,3592,5986,928,1008,2357,3072,5429,1089,
41872,Huila,Villavieja,8014,Huila,Hato,1,3019,4528,7547,1381,1530,4133,4492,8625,2062,
41349,Huila,Hobo,8015,Huila,Hobo,1,1195,1792,2987,738,663,1352,1508,2860,630,
41357,Huila,Iquira,8016,Huila,Iquira,1,1158,1815,2973,542,636,1618,1776,3394,776,
,,,8017,Huila,La Jagua,,454,681,1135,182,189,441,607,1048,211,
41396,Huila,La Plata,8018,Huila,La Plata,1,2446,3669,6115,1303,1280,3610,3850,7460,1542,
41378,Huila,La Argentina,8019,Huila,La Union,1,2385,3077,5462,870,905,2961,3046,6007,1378,
41807,Huila,Timana,8020,Huila,Naranjal,1,649,975,1624,286,307,781,889,1670,338,
41518,Huila,Paicol,8021,Huila,Paicol,1,1143,1714,2857,504,529,1195,1383,2578,572,
41524,Huila,Palermo,8022,Huila,Palermo,1,2304,3456,5760,1160,1187,3982,3931,7913,1879,
41548,Huila,Pital,8023,Huila,Pital,1,1518,2275,3793,543,762,1782,2064,3846,885,
41551,Huila,Pitalito,8024,Huila,Pitalito,1,5926,8887,14813,2896,2060,5912,6779,12691,2522,
41801,Huila,Teruel,8025,Huila,Retiro,1,1002,1503,2505,417,465,1299,1381,2680,625,
41668,Huila,San Agustin,8026,Huila,San Agustin,1,,,,1127,1006,3082,2953,6035,1389,
41396,Huila,La Plata,8027,Huila,San Juanito,1,,,,614,735,2403,2072,4475,1216,
41676,Huila,Santa Maria,8028,Huila,Santa Librada,1,2689,4032,6721,1251,1265,3067,3699,6766,1317,
41807,Huila,Timana,8029,Huila,Timana,1,3177,4765,7942,1461,1806,4172,5177,9349,1989,
41872,Huila,Villavieja,8030,Huila,Villavieja,1,1927,2700,4627,605,727,2700,2524,5224,1352,
41885,Huila,Yaguara,8031,Huila,Yaguara,1,1742,2612,4354,783,776,2224,2547,4771,1173,
47001,Magdalena,Santa Marta,9001,Magdalena,Santa Marta,1,9305,8735,18040,3998,4173,16632,14310,30942,8663,
20011,Cesar,Aguachica,9002,Magdalena,Aguachica,1,4240,4475,8715,956,878,3349,3045,6394,1291,
47053,Magdalena,Aracataca,9003,Magdalena,Aracataca,1,2690,2016,4706,1622,2214,7337,4865,12202,3890,
47245,Magdalena,El Banco,9004,Magdalena,Banco,1,3795,3883,7678,2089,1913,5772,6206,11978,2543,
44078,La Guajira,Barrancas,9005,Magdalena,Barrancas,1,2045,2050,4095,713,679,2060,2337,4397,932,
47161,Magdalena,Cerro San Antonio,9006,Magdalena,Cerro De San Antonio,1,2846,3063,5909,1161,1005,3892,4284,8176,1435,
47189,Magdalena,Cienaga,9007,Magdalena,Cienaga,1,14244,10464,24708,5446,4959,24311,21117,45428,12551,
20175,Cesar,Chimichagua,9008,Magdalena,Chimichagua,1,2091,2113,4204,1042,1010,3171,3577,6748,1224,
20178,Cesar,Chiriguana,9009,Magdalena,Chiriguana,1,4692,4363,9055,1404,1354,5232,4968,10200,2365,
,,,9010,Magdalena,Espiritu Santo,,3184,3046,6230,1085,1053,4524,4674,9198,1714,
44279,La Guajira,Fonseca,9011,Magdalena,Fonseca,1,1477,1574,3051,682,656,1669,1902,3571,662,
20295,Cesar,Gamarra,9012,Magdalena,Gamarra,1,,,,573,545,1909,1812,3721,828,
20310,Cesar,Gonzalez,9013,Magdalena,Gonzalez,1,1523,1634,3157,579,560,2087,1531,3618,919,
47318,Magdalena,Guamal,9014,Magdalena,Guamal,1,2735,2911,5646,1382,1319,3627,4089,7716,1435,
20383,Cesar,La Gloria,9015,Magdalena,La Gloria,1,960,1007,1967,610,540,1595,1812,3407,583,
47541,Magdalena,Pedraza,9016,Magdalena,Pedraza,1,2095,1899,3994,859,813,3303,2990,6293,1277,
47258,Magdalena,El Piñon,9017,Magdalena,Piñon,1,2143,2127,4270,810,796,2757,2384,5141,1062,
47551,Magdalena,Pivijay,9018,Magdalena,Pivijai,1,2464,2985,5449,1168,1279,3495,3865,7360,1270,
47555,Magdalena,Plato,9019,Magdalena,Plato,1,3750,3544,7294,2151,1650,7699,6442,14141,3422,
47570,Magdalena,Puebloviejo,9020,Magdalena,Puebloviejo,1,2535,2482,5017,673,647,2508,2457,4965,1011,
47605,Magdalena,Remolino,9021,Magdalena,Remolino,1,2250,2211,4461,1123,1126,3368,3264,6632,1319,
20614,Cesar,Rio De Oro,9022,Magdalena,Rio De Oro,1,4203,3089,7292,785,892,3077,2991,6068,1617,
44001,La Guajira,Riohacha,9023,Magdalena,Riohacha,1,4508,5493,10001,2862,1741,4788,5172,9960,2144,
47675,Magdalena,Salamina,9024,Magdalena,Salamina,1,2266,2206,4472,620,640,1896,2143,4039,711,
44650,La Guajira,San Juan Del Cesar,9025,Magdalena,San Juan De Cesar,1,2743,3038,5781,1329,1179,3544,3819,7363,1366,
47703,Magdalena,San Zenon,9026,Magdalena,San Zenon,1,2819,2914,5733,1093,1079,3391,3693,7084,1274,
47707,Magdalena,Santa Ana,9027,Magdalena,Santa Ana O Genova,1,2964,3281,6245,1314,1320,4298,4108,8406,1721,
47745,Magdalena,Sitionuevo,9028,Magdalena,Sitionuevo,1,6266,4250,10516,1809,1732,6873,5068,11941,3663,
20787,Cesar,Tamalameque,9029,Magdalena,Tamalameque,1,1242,1292,2534,649,644,1625,1844,3469,591,
47798,Magdalena,Tenerife,9030,Magdalena,Tenerife,1,2085,2063,4148,809,786,3071,3023,6094,1600,
20001,Cesar,Valledupar,9031,Magdalena,Valledupar,1,5044,5583,10627,2168,2351,8337,9304,17641,4002,
44874,La Guajira,Villanueva,9032,Magdalena,Villanueva,1,2577,2722,5299,1606,1561,3105,3487,6592,1129,
,,,9033,Magdalena,Tribus Motilones,2,508,593,1101,,,388,258,646,,
52001,Nariño,Pasto,10001,Nariño,Pasto,1,13623,15412,29035,19086,7007,21117,22045,43162,10593,
52019,Nariño,Alban,10002,Nariño,Alban,1,2967,2977,5944,2352,1376,4182,4231,8413,1746,
52022,Nariño,Aldana,10003,Nariño,Aldana,1,996,1005,2001,988,475,1053,1131,2184,490,
52036,Nariño,Ancuya,10004,Nariño,Ancuya,1,4436,4328,8764,2572,1267,4396,4208,8604,2141,
52051,Nariño,Arboleda,10005,Nariño,Arboleda,1,2761,2798,5559,2654,1107,3415,3515,6930,1454,
52079,Nariño,Barbacoas,10006,Nariño,Barbacoas,1,5996,6354,12350,3207,2207,6919,6622,13541,3308,
52110,Nariño,Buesaco,10007,Nariño,Buesaco,1,3164,3051,6215,1579,1438,4183,3943,8126,1990,
52203,Nariño,Colon,10008,Nariño,Colon (Genova),1,,,,1944,1063,3073,3336,6409,1248,
52207,Nariño,Consaca,10009,Nariño,Consaca,1,2398,2170,4568,1316,936,2626,2446,5072,1310,
52210,Nariño,Contadero,10010,Nariño,Contadero,1,1759,1816,3575,1579,764,1808,2008,3816,872,
52215,Nariño,Cordoba,10011,Nariño,Cordoba,1,3220,3488,6708,2514,1414,3543,3840,7383,1558,
52224,Nariño,Cuaspud,10012,Nariño,Cuaspud,1,1689,1678,3367,1240,690,1782,1746,3528,934,
52227,Nariño,Cumbal,10013,Nariño,Cumbal,1,3863,4074,7937,2774,1663,4311,4514,8825,2045,
52256,Nariño,El Rosario,10014,Nariño,El Rosario,1,2205,2113,4318,418,915,3042,2952,5994,1200,
52287,Nariño,Funes,10015,Nariño,Funes,1,2405,2442,4847,2372,1221,3101,3002,6103,1604,
52317,Nariño,Guachucal,10016,Nariño,Guachucal,1,3003,3112,6115,2987,1300,3107,3413,6520,1423,
52323,Nariño,Gualmatan,10017,Nariño,Gualmatan,1,1221,1306,2527,1112,548,1239,1417,2656,567,
52320,Nariño,Guaitarilla,10018,Nariño,Guaitarilla,1,3761,3725,7486,3521,1534,4012,4106,8118,1895,
52352,Nariño,Iles,10019,Nariño,Iles,1,1504,1499,3003,1454,704,1762,1700,3462,823,
52354,Nariño,Imues,10020,Nariño,Imues,1,2043,2107,4150,1778,825,2038,2097,4135,994,
52356,Nariño,Ipiales,10021,Nariño,Ipiales,1,8187,8818,17005,8169,4100,10361,10973,21334,5039,
52696,Nariño,Santa Barbara,10022,Nariño,Iscuande,1,3929,4056,7985,5619,1836,5249,5519,10768,2351,
52418,Nariño,Los Andes,10023,Nariño,Los Andes,1,2715,2601,5316,2298,1567,4745,4330,9075,2102,
52378,Nariño,La Cruz,10024,Nariño,La Cruz,1,5387,5720,11107,4051,2211,6517,6984,13501,2761,
52381,Nariño,La Florida,10025,Nariño,La Florida,1,3491,3510,7001,2146,1117,2926,3011,5937,1240,
52411,Nariño,Linares,10026,Nariño,Linares,1,2981,2653,5634,2130,1264,3814,3412,7226,1739,
52399,Nariño,La Union,10027,Nariño,La Union,1,5201,5313,10514,4298,2059,5943,6676,12619,2425,
52427,Nariño,Magsi,10028,Nariño,Magui,1,1515,1750,3265,629,608,1460,1801,3261,590,
52435,Nariño,Mallama,10029,Nariño,Mallama,1,1460,1480,2940,1026,619,2153,1678,3831,1217,
52473,Nariño,Mosquera,10030,Nariño,Mosquera,1,1665,1886,3551,795,569,1548,1629,3177,685,
52506,Nariño,Ospina,10031,Nariño,Ospina,1,1512,1633,3145,1062,643,1529,1684,3213,738,
52560,Nariño,Potosi,10032,Nariño,Potosi,1,2639,2774,5413,2850,1319,3213,3424,6637,1471,
52573,Nariño,Puerres,10033,Nariño,Puerres,1,2344,2382,4726,2233,1088,2634,2775,5409,1223,
52585,Nariño,Pupiales,10034,Nariño,Pupiales,1,3751,3970,7721,3865,1600,3699,4139,7838,1663,
52612,Nariño,Ricaurte,10035,Nariño,Ricaurte,1,1221,1205,2426,926,457,1508,1349,2857,703,
52683,Nariño,Sandona,10036,Nariño,Sandona,1,4538,4571,9109,3602,2198,5895,5793,11688,2749,
,,,10037,Nariño,San Jose,,2325,2548,4873,816,946,2467,2628,5095,1109,
52687,Nariño,San Lorenzo,10038,Nariño,San Lorenzo,1,3017,2879,5896,1795,1226,3655,3803,7458,1547,
52678,Nariño,Samaniego,10039,Nariño,Samaniego,1,4274,4229,8503,3168,1904,5562,5304,10866,2570,
52720,Nariño,Sapuyes,10040,Nariño,Sapuyes,1,1605,1684,3289,1658,885,1841,1961,3802,886,
52693,Nariño,San Pablo,10041,Nariño,San Pablo,1,5750,5919,11669,2141,1003,2960,3371,6331,1243,
52699,Nariño,Santacruz,10042,Nariño,Santa Cruz,1,1799,1731,3530,1387,896,2411,2221,4632,717,
52258,Nariño,El Tablon De Gomez,10043,Nariño,Tablon,1,1853,1913,3766,1433,895,2181,2306,4487,1043,
52788,Nariño,Tangua,10044,Nariño,Tangua,1,2725,2722,5447,3069,1185,3054,3092,6146,1405,
52260,Nariño,El Tambo,10045,Nariño,Tambo,1,4204,4223,8427,4226,2064,5504,5884,11388,2397,
52786,Nariño,Taminango,10046,Nariño,Taminango,1,2056,1999,4055,1353,865,2527,2490,5017,1057,
52835,Nariño,San Andres De Tumaco,10047,Nariño,Tumaco,1,11910,12127,24037,7309,4843,15370,15648,31018,7227,
52838,Nariño,Tuquerres,10048,Nariño,Tuquerres,1,8262,8829,17091,7428,3868,9070,10130,19200,4345,
52885,Nariño,Yacuanquer,10049,Nariño,Yacuanquer,1,2468,2387,4855,2334,988,2538,2433,4971,1283,
54001,N. De Santander,Cucuta,11001,Norte De Santander,San Jose De Cucuta,1,14069,15421,29490,7633,7859,24746,24533,49279,12984,
54003,N. De Santander,Abrego,11002,Norte De Santander,Abrego (La Cruz),1,4626,4686,9312,1790,1877,5974,5895,11869,2376,
54051,N. De Santander,Arboledas,11003,Norte De Santander,Arboledas,1,5459,5335,10794,2229,2274,6903,6916,13819,3034,
,,,11004,Norte De Santander,Aspasica (V. La Playa),3,,,,,,,,,,
54099,N. De Santander,Bochalema,11005,Norte De Santander,Bochalema,1,3096,3078,6174,1165,1165,4418,3836,8254,2274,
54125,N. De Santander,Cacota,11006,Norte De Santander,Cacota,1,1520,1634,3154,663,694,2336,1821,4157,1187,
54128,N. De Santander,Cachira,11007,Norte De Santander,Cachira,1,2484,2381,4865,756,881,2923,2804,5727,1327,
,,,11008,Norte De Santander,Concordia (V. Ragonvalia),3,,,,,,,,,,
54206,N. De Santander,Convencion,11009,Norte De Santander,Convencion,1,5930,6098,12028,2258,2705,10773,8629,19402,5733,
,,,11010,Norte De Santander,Cordoba (V. Durania),3,,,,,,,,,,
54223,N. De Santander,Cucutilla,11011,Norte De Santander,Cucutilla,1,3759,3640,7399,1525,1632,4587,4616,9203,1995,
54172,N. De Santander,Chinacota,11012,Norte De Santander,Chinacota,1,4717,4980,9697,2339,2021,10964,8083,19047,6253,
54174,N. De Santander,Chitaga,11013,Norte De Santander,Chitaga,1,1921,2000,3921,835,822,2362,2408,4770,1038,
54239,N. De Santander,Durania,11014,Norte De Santander,Durania (Cordoba),1,3366,3386,6752,1063,1020,3594,3333,6927,1568,
54245,N. De Santander,El Carmen,11015,Norte De Santander,El Carmen,1,4655,4660,9315,1774,1581,9180,7394,16574,5056,
54313,N. De Santander,Gramalote,11016,Norte De Santander,Gramalote,1,4931,4742,9673,1144,1171,3490,3526,7016,1577,
54344,N. De Santander,Hacari,11017,Norte De Santander,Hacari (La Palma),1,2111,2173,4284,755,760,2285,2527,4812,892,
54347,N. De Santander,Herran,11018,Norte De Santander,Herran,1,1554,1488,3042,494,492,1589,1531,3120,676,
,,,11019,Norte De Santander,La Cruz (V. Abrego),3,,,,,,,,,,
,,,11020,Norte De Santander,La Palma (V. Hacari),3,,,,,,,,,,
54398,N. De Santander,La Playa,11021,Norte De Santander,La Playa (Aspasica),1,2952,2937,5889,1581,1066,3249,3193,6442,1318,
54377,N. De Santander,Labateca,11022,Norte De Santander,Labateca,1,2169,2203,4372,934,901,3042,2795,5837,1397,
54418,N. De Santander,Lourdes,11023,Norte De Santander,Lourdes,1,,,,534,541,1938,1807,3745,874,
54480,N. De Santander,Mutiscua,11024,Norte De Santander,Mutiscua,1,1544,1614,3158,588,596,1737,1746,3483,912,
54498,N. De Santander,Ocaña,11025,Norte De Santander,Ocaña,1,7816,9473,17289,3723,3690,9610,11271,20881,4327,
54518,N. De Santander,Pamplona,11026,Norte De Santander,Pamplona,1,6404,7803,14207,2477,3297,10768,10613,21381,5947,
54520,N. De Santander,Pamplonita,11027,Norte De Santander,Pamplonita,1,2372,2382,4754,883,850,2550,2548,5098,1164,
54599,N. De Santander,Ragonvalia,11028,Norte De Santander,Ragonvalia (Concordia),1,1951,1935,3886,666,649,2183,2068,4251,930,
54874,N. De Santander,Villa Del Rosario,11029,Norte De Santander,Rosario,1,3063,2995,6058,1222,1158,3896,3505,7401,1881,
54660,N. De Santander,Salazar,11030,Norte De Santander,Salazar,1,5352,5393,10745,2625,2672,7861,7608,15469,3455,
54670,N. De Santander,San Calixto,11031,Norte De Santander,San Calixto,1,1934,1948,3882,773,850,2523,2602,5125,1061,
54673,N. De Santander,San Cayetano,11032,Norte De Santander,San Cayetano,1,2603,2440,5043,486,470,1802,1350,3152,992,
,,,11033,Norte De Santander,San Pedro (V. Villa Caro),3,,,,,,,,,,
54680,N. De Santander,Santiago,11034,Norte De Santander,Santiago,1,1975,1903,3878,620,637,2170,2009,4179,1083,
54720,N. De Santander,Sardinata,11035,Norte De Santander,Sardinata,1,2102,1928,4030,1110,1065,3223,3026,6249,1490,
54743,N. De Santander,Silos,11036,Norte De Santander,Silos,1,2366,2583,4949,928,868,2448,2602,5050,1044,
54800,N. De Santander,Teorama,11037,Norte De Santander,Teorama,1,2483,2778,5261,1509,1035,5732,4431,10163,3317,
54820,N. De Santander,Toledo,11038,Norte De Santander,Toledo,1,3010,2969,5979,1246,1491,4962,4568,9530,2020,
54871,N. De Santander,Villa Caro,11039,Norte De Santander,Villa Caro (San Pedro),1,2981,2974,5955,1222,1183,3792,3695,7487,1576,
68001,Santander,Bucaramanga,12001,Santander,Bucaramange,1,11429,13490,24919,6294,5529,21584,22499,44083,12801,
68013,Santander,Aguada,12002,Santander,Aguada,1,1510,1705,3215,886,844,2195,2270,4465,1228,
68020,Santander,Albania,12003,Santander,Albania,1,,,,2775,2776,7521,6396,13917,3896,
68051,Santander,Aratoca,12004,Santander,Aratoca,1,1624,1717,3341,598,609,1848,2002,3850,999,
68079,Santander,Barichara,12005,Santander,Barichara,1,5990,6711,12701,2112,2508,7263,7781,15044,3570,
68081,Santander,Barrancabermeja,12006,Santander,Barrancabermeja,1,,,,1138,1741,6804,1881,8685,5307,
68092,Santander,Betulia,12007,Santander,Betulia,1,1354,1368,2722,657,511,1547,1468,3015,827,
68101,Santander,Bolivar,12008,Santander,Bolivar,1,7060,8690,15750,4375,3559,13928,11614,25542,7791,
68121,Santander,Cabrera,12009,Santander,Cabrera,1,2283,2448,4731,867,761,2692,2357,5049,1572,
68132,Santander,California,12010,Santander,California,1,976,857,1833,418,331,924,919,1843,465,
68147,Santander,Capitanejo,12011,Santander,Capitanejo,1,2014,2074,4088,1766,759,2784,2353,5137,1655,
68152,Santander,Carcasi,12012,Santander,Carcasi,1,2895,2990,5885,1321,1254,3307,3515,6822,1622,
68160,Santander,Cepita,12013,Santander,Cepita,1,1172,1236,2408,447,364,1294,1221,2515,669,
68162,Santander,Cerrito,12014,Santander,Cerrito,1,2007,2151,4158,770,779,2239,2374,4613,1155,
68217,Santander,Coromoro,12015,Santander,Cincelada,1,2777,2710,5487,1227,1228,3101,2989,6090,1553,
68077,Santander,Barbosa,12016,Santander,Cite,1,710,613,1323,688,688,2053,1905,3958,1085,
68207,Santander,Concepcion,12017,Santander,Concepcion,1,2921,3226,6147,1355,1245,3434,3706,7140,1871,
68209,Santander,Confines,12018,Santander,Confines,1,918,930,1848,372,372,1059,1083,2142,550,
68211,Santander,Contratacion,12019,Santander,Contratacion,1,,,,1719,1419,4030,4568,8598,2329,
68229,Santander,Curiti,12020,Santander,Curiti,1,1905,2101,4006,783,679,2692,2638,5330,1400,
68167,Santander,Charala,12021,Santander,Charala,1,4132,4540,8672,1734,1719,4449,4747,9196,2318,
68169,Santander,Charta,12022,Santander,Charta,1,,,,730,715,2244,2116,4360,1052,
68176,Santander,Chima,12023,Santander,Chima,1,1801,1691,3492,731,695,1940,1987,3927,1017,
68179,Santander,Chipata,12024,Santander,Chipata,1,2628,2703,5331,1313,1218,2834,3040,5874,1514,
68264,Santander,Encino,12025,Santander,Encino,1,1256,1272,2528,571,565,1638,1483,3121,898,
68266,Santander,Enciso,12026,Santander,Enciso,1,2623,2676,5299,1017,942,3067,2630,5697,1596,
68276,Santander,Floridablanca,12027,Santander,Florida,1,2746,2719,5465,1015,1043,3373,3173,6546,1697,
68296,Santander,Galan,12028,Santander,Galan,1,2459,2668,5127,1034,958,2487,2729,5216,1322,
68298,Santander,Gambita,12029,Santander,Gambita,1,2739,2385,5124,1045,1013,2688,2640,5328,1323,
68307,Santander,Giron,12030,Santander,Giron,1,4090,3791,7881,1740,1270,4131,4119,8250,2165,
68318,Santander,Guaca,12031,Santander,Guaca,1,3598,3793,7391,2127,1817,6684,6102,12786,3627,
68320,Santander,Guadalupe,12032,Santander,Guadalupe,1,2123,3208,5331,1291,1197,3371,3491,6862,1674,
68322,Santander,Guapota,12033,Santander,Guapota,1,1161,1120,2281,533,533,1625,1782,3407,897,
68324,Santander,Guavata,12034,Santander,Guavata,1,2418,2790,5208,1189,1060,3476,3629,7105,1892,
68327,Santander,Gsepsa,12035,Santander,Guepsa,1,951,956,1907,463,383,1489,1323,2812,812,
68344,Santander,Hato,12036,Santander,Hato,1,1315,1212,2527,430,419,1229,1198,2427,631,
68368,Santander,Jesus Maria,12037,Santander,Jesus Maria,1,7084,8210,15294,1535,1535,4149,4928,9077,2022,
68370,Santander,Jordan,12038,Santander,Jordan,1,841,886,1727,337,327,903,925,1828,451,
68397,Santander,La Paz,12039,Santander,La Paz,1,1733,1790,3523,1732,1377,2273,2326,4599,1045,
68406,Santander,Lebrija,12040,Santander,Lebrija,1,5069,5014,10083,2911,2224,8374,5039,13413,5347,
68418,Santander,Los Santos,12041,Santander,Los Santos,1,1774,1923,3697,729,645,1901,2030,3931,877,
68425,Santander,Macaravita,12042,Santander,Macaravita,1,2595,2712,5307,1074,1127,3955,2972,6927,1455,
68432,Santander,Malaga,12043,Santander,Malaga,1,3948,4568,8516,2232,1839,5479,5926,11405,2970,
68444,Santander,Matanza,12044,Santander,Matanza,1,5231,4975,10206,1271,1000,3524,3339,6863,1706,
68464,Santander,Mogotes,12045,Santander,Mogotes,1,3922,4621,8543,1922,2085,4532,5331,9863,2225,
68468,Santander,Molagavita,12046,Santander,Molavita,1,3584,3766,7350,1422,1312,3740,4434,8174,1795,
68498,Santander,Ocamonte,12047,Santander,Ocamonte,1,1814,2124,3938,798,681,2057,2134,4191,1073,
68500,Santander,Oiba,12048,Santander,Oiba,1,2716,2978,5694,1314,1150,2977,3168,6145,1616,
68502,Santander,Onzaga,12049,Santander,Onzaga,1,3663,4039,7702,1783,1575,4051,4457,8508,2062,
68522,Santander,Palmar,12050,Santander,Palmar,1,862,929,1791,388,557,991,988,1979,510,
68524,Santander,Palmas Del Socorro,12051,Santander,Palmas,1,1330,1275,2605,522,449,1510,1483,2993,804,
68533,Santander,Paramo,12052,Santander,Paramo,1,1421,1228,2649,507,519,1600,1569,3169,903,
68547,Santander,Piedecuesta,12053,Santander,Piedecuesta,1,4584,5072,9656,2885,2614,9445,8147,17592,4876,
68549,Santander,Pinchote,12054,Santander,Pinchote,1,945,1012,1957,414,411,1203,1243,2446,646,
68572,Santander,Puente Nacional,12055,Santander,Puente Nacional,1,5735,5857,11592,2604,2464,8588,7758,16346,4678,
68575,Santander,Puerto Wilches,12056,Santander,Puerto Wilches,1,1875,1549,3424,1277,949,3261,2438,5699,2263,
68615,Santander,Rionegro,12057,Santander,Rionegro,1,8696,7178,15874,2046,2154,10625,8599,19224,6180,
68669,Santander,San Andres,12058,Santander,San Andres,1,6794,7378,14172,3445,3005,11531,12545,24076,5631,
68673,Santander,San Benito,12059,Santander,San Benito,1,1248,1237,2485,604,526,1731,1396,3127,1013,
68679,Santander,San Gil,12060,Santander,San Gil,1,4978,6133,11111,2304,2142,8663,7634,16297,4108,
68682,Santander,San Joaquin,12061,Santander,San Joaquin,1,1666,1654,3320,707,700,1884,1944,3828,962,
68684,Santander,San Jose De Miranda,12062,Santander,San Jose De Miranda,1,3018,3289,6307,1252,1166,3369,3510,6879,1640,
68686,Santander,San Miguel,12063,Santander,San Miguel,1,2270,2399,4669,1379,1041,3295,3672,6967,1850,
68689,Santander,San Vicente De Chucuri,12064,Santander,San Vicente De Chucuri,1,5459,4497,9956,1285,1442,6082,4516,10598,2889,
68745,Santander,Simacota,12065,Santander,Simacota,1,3005,2092,5097,1475,1028,2876,2925,5801,1522,
68755,Santander,Socorro,12066,Santander,Socorro,1,5598,7018,12616,2047,2228,8505,8532,17037,4822,
68770,Santander,Suaita,12067,Santander,Suaita,1,4096,4077,8173,1970,1246,3837,4177,8014,2040,
68773,Santander,Sucre,12068,Santander,Sucre,1,3364,3550,6914,2879,2333,8492,6808,15300,3946,
68780,Santander,Surata,12069,Santander,Surata,1,2260,2295,4555,1212,656,2407,2535,4942,1094,
68820,Santander,Tona,12070,Santander,Tona,1,1830,1737,3567,684,680,2142,1991,4133,991,
68051,Santander,Aratoca,12071,Santander,Umpala,1,1371,1330,2701,1108,1131,2728,2907,5635,1675,
68855,Santander,Valle De San Jose,12072,Santander,Valle,1,2370,2828,5198,857,850,2131,2468,4599,1000,
68861,Santander,Velez,12073,Santander,Velez,1,3769,4612,8381,1883,1654,4305,5056,9361,2267,
68895,Santander,Zapatoca,12074,Santander,Zapatoca,1,4739,5952,10691,1746,2072,7152,7040,14192,3933,
73001,Tolima,Ibague,13001,Tolima,Ibague,1,14874,15381,30255,6493,6966,28105,28228,56333,15262,
73024,Tolima,Alpujarra,13002,Tolima,Alpujarra,1,1982,2188,4170,605,795,2183,2459,4642,1020,
73026,Tolima,Alvarado,13003,Tolima,Alvarado (Caldas),1,2719,2533,5252,858,881,2957,2673,5630,1434,
73030,Tolima,Ambalema,13004,Tolima,Ambalema,1,3183,3680,6863,1294,1327,4545,3768,8313,2549,
73043,Tolima,Anzoategui,13005,Tolima,Anzoategui (Briceño),1,2076,2041,4117,1046,1178,3834,3626,7460,1729,
73055,Tolima,Armero,13006,Tolima,Armero (San Lorenzo),1,2919,2862,5781,1154,1214,3720,3547,7267,1817,
73067,Tolima,Ataco,13007,Tolima,Ataco,1,2325,2186,4511,1314,1285,4354,3937,8291,2039,
,,,13008,Tolima,Briceño (V. Anzoategui),3,,,,,,,,,,
,,,13009,Tolima,Caldas (V. Alvarado),3,,,,,,,,,,
73148,Tolima,Carmen De Apicala,13010,Tolima,Carmen De Apicala,1,1562,1601,3163,617,686,2219,2122,4341,1161,
73152,Tolima,Casabianca,13011,Tolima,Casabianca,1,1965,1970,3935,1055,851,2914,2792,5706,1296,
73200,Tolima,Coello,13012,Tolima,Coello,1,2923,2853,5776,653,991,2883,2862,5745,1300,
73217,Tolima,Coyaima,13013,Tolima,Coyaima,1,4429,4996,9425,1313,1752,4608,5161,9769,2013,
73226,Tolima,Cunday,13014,Tolima,Cunday,1,3293,2768,6061,2092,1544,6031,4921,10952,3134,
73168,Tolima,Chaparral,13015,Tolima,Chaparral,1,8072,8283,16355,4082,3629,11540,11423,22963,5316,
73236,Tolima,Dolores,13016,Tolima,Dolores,1,2432,2501,4933,1181,1056,3208,3173,6381,1517,
73268,Tolima,Espinal,13017,Tolima,Espinal,1,7492,8488,15980,3657,3396,9390,10494,19884,4228,
73270,Tolima,Falan,13018,Tolima,Falan (Santana),1,4020,3755,7775,1954,1767,5317,5155,10472,2367,
73283,Tolima,Fresno,13019,Tolima,Fresno,1,5655,5787,11442,2087,2460,7816,7760,15576,3352,
73319,Tolima,Guamo,13020,Tolima,Guamo,1,7471,8497,15968,3496,3346,8529,9660,18189,3680,
73347,Tolima,Herveo,13021,Tolima,Herveo (Soledad),1,3573,3543,7116,1446,1270,4181,4039,8220,1840,
73349,Tolima,Honda,13022,Tolima,Honda,1,3474,4325,7799,2525,2459,6039,6583,12622,3425,
73352,Tolima,Icononzo,13023,Tolima,Icononzo,1,3085,2753,5838,1052,1248,4189,4009,8198,1931,
73408,Tolima,Lerida,13024,Tolima,Lerida,1,2556,2719,5275,1334,1261,3517,3626,7143,1679,
73411,Tolima,Libano,13025,Tolima,Libano,1,11183,11068,22251,5297,4190,13971,13805,27776,6379,
73443,Tolima,Mariquita,13026,Tolima,Mariquita,1,3074,2875,5949,1664,1523,4708,4383,9091,2295,
73449,Tolima,Melgar,13027,Tolima,Melgar,1,2714,2594,5308,1018,837,3095,2986,6081,1590,
,,,13028,Tolima,Miraflores (V. Rovira),3,,,,,,,,,,
73483,Tolima,Natagaima,13029,Tolima,Natagaima,1,6442,7168,13610,2161,2548,7440,8072,15512,3245,
73504,Tolima,Ortega,13030,Tolima,Ortega,1,6771,7386,14157,3402,3018,8858,9369,18227,3989,
73547,Tolima,Piedras,13031,Tolima,Piedras,1,1814,1851,3665,779,709,1930,1959,3889,871,
73563,Tolima,Prado,13032,Tolima,Prado,1,2404,2351,4755,995,954,2615,2577,5192,1172,
73585,Tolima,Purificacion,13033,Tolima,Purificacion,1,8025,8993,17018,1707,2542,7778,8823,16601,3379,
73124,Tolima,Cajamarca,13034,Tolima,Quesada (San Miguel De Perdomo),1,2627,2434,5061,1015,1390,5906,3876,9782,3518,
73624,Tolima,Rovira,13035,Tolima,Rovira (Miraflores),1,4345,4069,8414,2361,1601,6034,5625,11659,2717,
73675,Tolima,San Antonio,13036,Tolima,San Antonio,1,2557,2518,5075,1015,1259,4710,4307,9017,2117,
,,,13037,Tolima,San Lorenzo (V. Armero),3,,,,,,,,,,
73678,Tolima,San Luis,13038,Tolima,San Luiz,1,3510,3673,7183,1314,1227,3289,3493,6782,1514,
,,,13039,Tolima,San Miguel (V. Quesada),3,,,,,,,,,,
,,,13040,Tolima,Santana (V. Falan),3,,,,,,,,,,
73686,Tolima,Santa Isabel,13041,Tolima,Santa Isabel,1,1923,1723,3646,945,869,3424,3258,6682,1613,
,,,13042,Tolima,Santa Rosa (V. Suarez),3,,,,,,,,,,
,,,13043,Tolima,Soledad (V. Herveo),3,,,,,,,,,,
73770,Tolima,Suarez,13044,Tolima,Suarez (Santa Rosa),1,2713,2789,5502,870,869,2510,2521,5031,1185,
73854,Tolima,Valle De San Juan,13045,Tolima,Valle,1,1885,1891,3776,925,927,2810,2675,5485,1343,
73861,Tolima,Venadillo,13046,Tolima,Venadillo,1,3578,3343,6921,1456,1465,4875,4467,9342,2463,
73870,Tolima,Villahermosa,13047,Tolima,Villahermosa,1,4362,4366,8728,1961,1653,7127,7223,14350,3462,
76001,Valle Del Cauca,Cali,14001,Valle,Cali,1,20098,25427,45525,11199,15366,62417,60430,122847,34548,
76020,Valle Del Cauca,Alcala,14002,Valle,Alcala,1,,,,2133,952,3105,2687,5792,1400,
76036,Valle Del Cauca,Andalucia,14003,Valle,Andalucia,1,,,,1467,1233,3435,3375,6810,1527,
76041,Valle Del Cauca,Ansermanuevo,14004,Valle,Ansermanuevo,1,,,,2094,2059,2059,5584,12085,2728,
76100,Valle Del Cauca,Bolivar,14005,Valle,Bolivar,1,2701,2944,5645,1407,1177,3726,3632,7358,1552,
76109,Valle Del Cauca,Buenaventura,14006,Valle,Buenaventura,1,4353,4474,8827,3303,4445,13987,11347,25334,7322,
76111,Valle Del Cauca,Guadalajara De Buga,14007,Valle,Buga,1,5980,7581,13561,4808,4201,15714,15266,30980,8050,
76113,Valle Del Cauca,Bugalagrande,14008,Valle,Bugalagrande,1,3187,2927,6114,1096,1039,3420,2999,6419,1672,
76122,Valle Del Cauca,Caicedonia,14009,Valle,Caicedonia,1,,,,1331,1249,3974,3600,7574,1619,
76130,Valle Del Cauca,Candelaria,14010,Valle,Candelaria,1,5435,4813,10248,2037,1902,6233,5636,11869,3145,
76147,Valle Del Cauca,Cartago,14011,Valle,Cartago,1,10329,11141,21470,3297,3307,9929,9136,19065,5485,
76248,Valle Del Cauca,El Cerrito,14012,Valle,Cerrito,1,3512,3650,7162,1239,1444,4219,3963,8182,2011,
76233,Valle Del Cauca,Dagua,14013,Valle,Dagua,1,3635,3211,6846,1850,1837,6030,4825,10855,2799,
76275,Valle Del Cauca,Florida,14014,Valle,Florida,1,2584,2508,5092,1331,1211,3525,3474,6999,1761,
76318,Valle Del Cauca,Guacari,14015,Valle,Guacari,1,3663,3597,7260,1566,1467,4508,4300,8808,2096,
76828,Valle Del Cauca,Trujillo,14016,Valle,Huasano,1,1683,1563,3246,,,,,,,
76364,Valle Del Cauca,Jamundi,14017,Valle,Jamundi,1,3466,3372,6838,1517,1555,4423,4311,8734,1944,
76400,Valle Del Cauca,La Union,14018,Valle,La Union,1,1949,2046,3995,1068,956,2593,2522,5115,1193,
76403,Valle Del Cauca,La Victoria,14019,Valle,La Victoria,1,3089,2957,6046,1017,1052,3178,2793,5971,1435,
76109,Valle Del Cauca,Buenaventura,14020,Valle,Naya,1,1648,1718,3366,,,,,,,
76497,Valle Del Cauca,Obando,14021,Valle,Obando,1,,,,750,711,2534,1928,4462,1277,
76520,Valle Del Cauca,Palmira,14022,Valle,Palmira,1,13428,13604,27032,5582,6173,20512,19439,39951,10742,
76377,Valle Del Cauca,La Cumbre,14023,Valle,Pavas (La Cumbre),1,2494,2317,4811,1348,1102,3659,3402,7061,1649,
76563,Valle Del Cauca,Pradera,14024,Valle,Pradera,1,3243,3123,6366,1524,1625,15237,4948,20185,2568,
76606,Valle Del Cauca,Restrepo,14025,Valle,Restrepo,1,,,,782,773,2591,2204,4795,1229,
76616,Valle Del Cauca,Riofrio,14026,Valle,Riofrio,1,,,,1555,1404,4514,3944,8458,1984,
76622,Valle Del Cauca,Roldanillo,14027,Valle,Roldanillo,1,4371,4826,9197,1938,1730,5104,5217,10321,2108,
76670,Valle Del Cauca,San Pedro,14028,Valle,San Pedro,1,1660,1621,3281,714,677,1934,1769,3703,984,
76364,Valle Del Cauca,Jamundi,14029,Valle,San Vicente,1,2584,2678,5262,,,,,,,
76736,Valle Del Cauca,Sevilla,14030,Valle,Sevilla,1,6134,5514,11648,2983,3520,11008,9289,20297,4846,
76823,Valle Del Cauca,Toro,14031,Valle,Toro,1,1957,2476,4433,2005,2153,8260,6913,15173,4334,
76828,Valle Del Cauca,Trujillo,14032,Valle,Trujillo,1,,,,,,,,,,
76834,Valle Del Cauca,Tulua,14033,Valle,Tulua,1,7728,7546,15274,3149,4678,16505,14527,31032,9241,
76845,Valle Del Cauca,Ulloa,14034,Valle,Ulloa (Villa Sucre),1,,,,655,660,1952,1897,3849,854,
76863,Valle Del Cauca,Versalles,14035,Valle,Versalles,1,3006,2761,5767,1335,1175,4230,3383,7613,1799,
76869,Valle Del Cauca,Vijes,14036,Valle,Vijes,1,1974,1639,3613,480,541,2521,2253,4774,1373,
,,,14037,Valle,Villas Sucre (Ulloa),3,,,,,,,,,,
76890,Valle Del Cauca,Yotoco,14038,Valle,Yotoco,1,3109,2813,5922,1558,1348,4622,4064,8686,2187,
76892,Valle Del Cauca,Yumbo,14039,Valle,Yumbo,1,1785,1778,3563,843,80,2669,2409,5078,1299,
76895,Valle Del Cauca,Zarzal,14040,Valle,Zarzal,1,1998,2223,4221,1223,1590,5663,4392,10055,2165,
27001,Choco,Quibdo,15001,Intendencia Del Choco,Quibdo,1,11959,12763,24722,3827,3162,10346,11570,21916,4702,
27006,Choco,Acandi,15002,Intendencia Del Choco,Acandi,1,983,1002,1985,250,264,894,510,1404,469,
27073,Choco,Bagado,15003,Intendencia Del Choco,Bagado,1,1397,1394,2791,409,410,1268,1306,2574,551,
27205,Choco,Condoto,15004,Intendencia Del Choco,Condoto,1,2594,2259,4853,1879,1469,4301,4034,8335,2211,
27245,Choco,El Carmen De Atrato,15005,Intendencia Del Choco,El Carmen,1,1244,1545,2789,581,508,1742,1717,3459,748,
27361,Choco,Istmina,15006,Intendencia Del Choco,Istmina,1,5607,5615,11222,1787,1784,8036,7098,15134,3757,
27372,Choco,Jurado,15007,Intendencia Del Choco,Jurado,1,793,835,1628,211,629,629,632,1261,270,
27491,Choco,Novita,15008,Intendencia Del Choco,Novita,1,2402,2298,4700,716,2826,2826,3026,5852,1281,
27495,Choco,Nuqui,15009,Intendencia Del Choco,Nuqui,1,985,1052,2037,362,1128,1128,1143,2271,476,
27077,Choco,Bajo Baudo,15010,Intendencia Del Choco,Pizarro,1,3269,3144,6413,1039,3088,3088,3090,6178,1223,
27615,Choco,Riosucio,15011,Intendencia Del Choco,Riosucio,1,873,845,1718,426,1485,1485,1173,2658,917,
27745,Choco,Sipi,15012,Intendencia Del Choco,Sipi,1,716,741,1457,270,863,863,905,1768,418,
27787,Choco,Tado,15013,Intendencia Del Choco,Tado,1,3204,3387,6591,1235,3813,3813,4018,7831,1775,
50001,Meta,Villavicencio,16001,Intendencia Del Meta,Villavicencio,1,2672,2064,4736,1062,986,4190,3516,7706,2278,
50001,Meta,Villavicencio,16002,Intendencia Del Meta,Cabuyaro (Hoy Corregimiento De Villavicencio),1,540,436,976,,,,,,,
50245,Meta,El Calvario,16003,Intendencia Del Meta,El Calvario,1,491,473,964,459,340,936,1014,1950,397,
50606,Meta,Restrepo,16004,Intendencia Del Meta,Restrepo,1,1036,735,1771,881,768,3139,2209,5348,1808,
50689,Meta,San Martin,16005,Intendencia Del Meta,San Martin,1,1734,1490,3224,659,470,1386,1343,2729,641,
88001,San Andres,San Andres,17001,Intendencia De San Andres Y Providencia,San Andres,1,1916,1946,3862,858,896,1831,2067,3898,878,
88564,San Andres,Providencia,17002,Intendencia De San Andres Y Providencia,Providencia,1,1050,1041,2091,480,428,981,1108,2089,380,
91001,Amazonas,Leticia,18001,Comisaria Del Amazonas,Leticia,1,,,50,70,250,103,353,,,
,,,18002,Comisaria Del Amazonas,Tribus,2,,,,,900,760,1660,,,
81001,Arauca,Arauca,19001,Comisaria De Arauca,Arauca,1,2059,1830,3889,851,937,2896,2734,5630,,
81065,Arauca,Arauquita,19002,Comisaria De Arauca,Arauquita,1,577,484,1061,203,190,459,441,900,,
81220,Arauca,Cravo Norte,19003,Comisaria De Arauca,Cravo Norte,1,572,548,1120,189,169,573,627,1200,,
,,,19004,Comisaria De Arauca,El Viento,3,,,,,,,,,,
,,,19005,Comisaria De Arauca,San Lope,,,,,108,47,126,134,260,,
81794,Arauca,Tame,19006,Comisaria De Arauca,Tame,1,,,,312,327,1053,1012,2065,,
81001,Arauca,Arauca,19007,Comisaria De Arauca,Todos Los Santos,1,106,86,192,,,,,,,
,,,19008,Comisaria De Arauca,Tribus,2,,,660,,,1576,1052,2628,,
18001,Caqueta,Florencia,20001,Comisaria Del Caqueta,Florencia,1,1613,1344,2957,978,1280,3305,2347,5652,1587,
18753,Caqueta,San Vicente Del Caguan,20002,Comisaria Del Caqueta,San Vicente,1,464,345,809,426,370,1250,1083,2333,542,
,,,20003,Comisaria Del Caqueta,Otros Corregimientos,2,886,702,1558,681,456,1590,1234,2824,675,
,,,20004,Comisaria Del Caqueta,Tribus,2,,,68900,,,1785,1560,3345,,
,,,21001,Comisaria De La Goajira,San Antonio,,10591,12061,22652,1474,1435,3108,3132,6240,1015,
,,,21002,Comisaria De La Goajira,Tribus,2,,,,,,14684,12441,27125,,
86568,Putumayo,Puerto Asis,22001,Comisaria Del Putumayo,Puerto Asis,1,348,219,567,442,416,972,774,1746,181,
,,,22002,Comisaria Del Putumayo,Albernia,,92,68,160,,,,,,,
,,,22003,Comisaria Del Putumayo,Guepi,,143,118,261,,,,,,,
86001,Putumayo,Mocoa,22004,Comisaria Del Putumayo,Mocoa,1,644,562,1206,486,469,784,625,1409,143,
,,,22005,Comisaria Del Putumayo,San Andres,,216,273,489,,,,,,,
86755,Putumayo,San Francisco,22006,Comisaria Del Putumayo,San Francisco,1,237,222,459,,,,,,,
86757,Putumayo,San Miguel,22007,Comisaria Del Putumayo,San Miguel,1,120,105,225,,,,,,,
86760,Putumayo,Santiago,22008,Comisaria Del Putumayo,Santiago,1,908,966,1874,574,675,1193,953,2146,248,
86749,Putumayo,Sibundoy,22009,Comisaria Del Putumayo,Sibundoy,1,641,677,1318,404,477,842,668,1510,155,
,,,22010,Comisaria Del Putumayo,Sucre,,316,295,611,437,513,910,723,1633,172,
,,,22011,Comisaria Del Putumayo,Tribus,2,,,33600,,,4309,3767,8076,,
,,,23001,Comisaria Del Vaupes,Tribus,2,,,5600,,,3706,3242,6948,,
,,,24001,Comisaria Del Vichada,San Rafael De Murillo,,266,254,540,,,,,,,
99001,Vichada,Puerto Carreño,24002,Comisaria Del Vichada,Puerto Carreño,1,,,,367,473,1319,994,2313,242,
,,,24003,Comisaria Del Vichada,Tribus,2,,,5000,,,4968,3836,8804,,
